Trial,PursuerBiasEstimate,EvaderBiasEstimate
1,0.0399995499135597,-0.010812519102124
2,0.0400020176984326,-0.0110365513108986
3,0.0400051073940442,-0.01005613762679
4,0.0400041093720488,-0.0100836444272562
5,0.0399985812467972,-0.00947896773984811
6,0.0399888863826055,-0.0108362276540739
7,0.0400057561704354,-0.0099116322251294
8,0.039993727594872,-0.00893056943250448
9,0.0399998271064201,-0.00946714647200505
10,0.0400002241155222,-0.0104002906451564
11,0.0400044697723729,-0.0102718015752557
12,0.0400026724672295,-0.0109562984081017
13,0.0399977109641496,-0.00964476731577871
14,0.0399848896416999,-0.0107717213329051
15,0.0400039960307616,-0.00976425506865704
16,0.0400063570420225,-0.0102241549236611
17,0.040010816457908,-0.00966802390389751
18,0.0399979429598686,-0.009797416706724
19,0.0400003788993027,-0.0102194245721091
20,0.039995791944793,-0.00989193089938436
21,0.0400094522358332,-0.0106234801693357
22,0.0399989446872326,-0.0105574554701849
23,0.0400020929711045,-0.0106256996718249
24,0.0400038217695071,-0.0108257252125676
25,0.039998723397801,-0.0105598373172319
26,0.0400040078959253,-0.00943281437862955
27,0.0400074262315991,-0.00991735000946795
28,0.0399887498717868,-0.0101208093883707
29,0.0399975208953973,-0.0102586149222882
30,0.0400015782086872,-0.0100251872330469
31,0.0399898112841351,-0.011229673039119
32,0.0399990205949363,-0.00928649264895951
33,0.0400015675676991,-0.0101430893300902
34,0.0399990232453898,-0.010569443045711
35,0.0399909303623815,-0.00927016755788289
36,0.0399972536019207,-0.0108181481760121
37,0.0400006275932539,-0.0101999904431422
38,0.0400071268401982,-0.0116726193401726
39,0.039994980028223,-0.00994013693689415
40,0.0400030370211356,-0.0100247658656481
41,0.0400017883220431,-0.0103271536364244
42,0.0400024301137654,-0.00891896966816745
43,0.0399989094490373,-0.00959317014360053
44,0.0400016026786305,-0.0106677828173364
45,0.0399931464333506,-0.00950235002824448
46,0.0400064141887868,-0.0109268924180256
47,0.0400004389401568,-0.00988193121784785
48,0.0400091987389123,-0.00967072387167883
49,0.0399950147963127,-0.0104959033820119
50,0.0400064747846293,-0.00918524659088991
51,0.0399911620602994,-0.0088650523226976
52,0.040000128686827,-0.0105908333534922
53,0.0400041663096509,-0.00945398671219673
54,0.0400021237187839,-0.00987911594450948
55,0.0400105229119309,-0.0090994950638937
56,0.0400155554791148,-0.00980888812472791
57,0.0400076556588399,-0.0103237803832278
58,0.0400035965102063,-0.0102675412648204
59,0.0400019442846269,-0.00972076566393198
60,0.0399993059996895,-0.00910316656566978
61,0.0400052067181131,-0.00812235252218363
62,0.0399973157043707,-0.00903653334296874
63,0.0399934589464396,-0.0102049712854597
64,0.039988959485689,-0.00929379161284336
65,0.0400047165981464,-0.00987272811980491
66,0.0400073159614501,-0.00944575952619963
67,0.0400090228328475,-0.00991450736684087
68,0.0399990254904055,-0.0114732221601692
69,0.0400050252086554,-0.00908793352467791
70,0.0399929513182185,-0.01098497870554
71,0.0400093384592459,-0.00997465526050345
72,0.039994876959757,-0.0100512595431407
73,0.0399981294307395,-0.0110606587159067
74,0.0400114027308733,-0.0105473845901191
75,0.0399929248398321,-0.00942861697821149
76,0.0400041637493379,-0.0111005555424721
77,0.0400136130102613,-0.00982998492293124
78,0.0400003754800861,-0.0110884115748977
79,0.0399952345436099,-0.00989893484584178
80,0.0399953965266291,-0.00998263236022031
81,0.0399999480932512,-0.011287238536184
82,0.0399968223500958,-0.0104532432038541
83,0.0400012593274906,-0.0100686030269404
84,0.0400048484386772,-0.0097278177948995
85,0.0399962660046067,-0.00979707197501885
86,0.0399891353756315,-0.00951092529450662
87,0.0400068300359025,-0.00949917711854744
88,0.0400002504605253,-0.0108524864950054
89,0.039997378540904,-0.00914042711705108
90,0.0399859851986441,-0.00925712422942553
91,0.0400009638661718,-0.0113038533183063
92,0.0400050974166089,-0.0105253492266743
93,0.0400080053327417,-0.0104896866442351
94,0.0399993046657405,-0.00985728911716663
95,0.0400101803525251,-0.0108869270783756
96,0.0400010341148044,-0.00880325853721843
97,0.039987568169856,-0.0105434845190406
98,0.0399931174725078,-0.0100926401044182
99,0.0400067163687124,-0.0104219193412201
100,0.0400166533683909,-0.0100600637965383
101,0.0400023397886494,-0.00960099332042435
102,0.0399950666923338,-0.00998062426163362
103,0.0399807268469264,-0.0101293610157136
104,0.0399987878946991,-0.00986299080384964
105,0.0400053474723569,-0.0099495315507073
106,0.04000881938802,-0.0103001756170398
107,0.0399928734398946,-0.010826020885242
108,0.0399952239005922,-0.00999700599800628
109,0.0400093379442802,-0.00990633398450858
110,0.0399974619511761,-0.00994058354245111
111,0.0400021075649934,-0.0106902339872197
112,0.040001886321805,-0.0105016908142783
113,0.0400006986016909,-0.0105786517400147
114,0.0400018266054835,-0.00980211330418579
115,0.0400041922093219,-0.0104281649098256
116,0.0399961742786917,-0.0104821915070804
117,0.0400027624954486,-0.0108757048994305
118,0.0400079133586788,-0.00960198593334934
119,0.0399999307875971,-0.0101868738061179
120,0.0400027043726262,-0.00992943202432974
121,0.0399986686385691,-0.0104964236521301
122,0.0400091554514331,-0.0116221240817547
123,0.0400046624570561,-0.00979417963822369
124,0.039997007944594,-0.00918100038577661
125,0.0399926887707732,-0.0104080190665064
126,0.0400193336269812,-0.00904764051773359
127,0.0400100842633907,-0.00963345609295053
128,0.0399973973235439,-0.0106463473512802
129,0.040009125773509,-0.00994380887347158
130,0.0399933459537262,-0.00941728830672436
131,0.0399994752729039,-0.0093807689984787
132,0.0399924096623055,-0.00953715864358185
133,0.0399931260791515,-0.0097517545419771
134,0.0399933270960582,-0.0087648217092993
135,0.0400024458734546,-0.01086818270654
136,0.0400014282829337,-0.0101508404607102
137,0.0399995542910193,-0.0106331394355957
138,0.0400026195275674,-0.0103930644663287
139,0.0400003400707036,-0.00920915117671492
140,0.0400021985247122,-0.010108745943005
141,0.0400053009302489,-0.00971293379662585
142,0.0399939316928762,-0.009263649679345
143,0.0399916616798115,-0.0103252590882042
144,0.040009728287089,-0.00933193288113029
145,0.0399882947869718,-0.00977197811721743
146,0.039992988970621,-0.00900662245777341
147,0.0400022349685218,-0.00963054372584601
148,0.0399934139304884,-0.00922404977295079
149,0.0400056619157457,-0.00922672998439635
150,0.0400037097881972,-0.0101299588371129
151,0.0400028603452539,-0.00927120828324885
152,0.0399945507566018,-0.00821361392091763
153,0.0400084192360527,-0.008852988184152
154,0.0400027311123968,-0.00917011919186175
155,0.0400030787376269,-0.0110548011791509
156,0.0400089949394296,-0.0089666187170725
157,0.0399998031070326,-0.0103209492123016
158,0.0400059511028394,-0.00923591018380819
159,0.0400051873439725,-0.00966537360153574
160,0.0400030158338495,-0.00975525576753637
161,0.0400057289625403,-0.0103402963720606
162,0.0399859698506106,-0.00909583090763396
163,0.0399986810993816,-0.0108197337705927
164,0.0400025604946117,-0.0102764832614756
165,0.0399900943144173,-0.00960148873258006
166,0.0400008795896919,-0.0102205445440874
167,0.040000340305608,-0.0103205705889561
168,0.0400168474059361,-0.0096802651851891
169,0.0399934215967076,-0.0102489383445217
170,0.0400085999915015,-0.0104864770230452
171,0.0400015112348046,-0.011254076101691
172,0.0399871561336784,-0.00970319367745852
173,0.0399981139314283,-0.0102467762559633
174,0.0399983421662445,-0.0106739048970973
175,0.0399997804970095,-0.00903622407642112
176,0.0399977902792949,-0.00920243381905958
177,0.039997086959533,-0.00986923422076041
178,0.0400112095819783,-0.0105858924640396
179,0.0400100602058947,-0.00986354245633072
180,0.0399906194543076,-0.0100185973738502
181,0.0400001714321122,-0.00987944078594037
182,0.0400028488600103,-0.00936975545564889
183,0.0399937054962698,-0.00990756205638924
184,0.0399985546524021,-0.00913456999810732
185,0.0399998254537506,-0.0104328267266199
186,0.0400034323687617,-0.0100984052226965
187,0.0399957686800149,-0.0107556674682708
188,0.0400042950166251,-0.00962803533785642
189,0.0400012284895009,-0.0106401899887633
190,0.040002991328608,-0.0103046828823756
191,0.0399876683346139,-0.0102630743072761
192,0.0399903848045165,-0.00934575252658929
193,0.0399950771593547,-0.00981039073937337
194,0.0400045672509537,-0.00982929935372014
195,0.0400083331392468,-0.00980813372266941
196,0.0400085120267423,-0.010454916001163
197,0.0400111122462096,-0.0104978489855502
198,0.0399927837004561,-0.00957764329443513
199,0.0400063751306445,-0.00861958442620203
200,0.040000543613545,-0.00868158357461488
201,0.0400191298927135,-0.0100960228691033
202,0.0399930216363895,-0.00999839636236705
203,0.040000537146207,-0.00931943521736176
204,0.0399904443896299,-0.00995085978270837
205,0.0399962290540868,-0.00964704662113349
206,0.0399931438094643,-0.0102764462748857
207,0.0399926978158913,-0.00910925240410793
208,0.0400095166550453,-0.00961010222271477
209,0.0400071675245516,-0.0110786364585853
210,0.0399917500186849,-0.00922748031381148
211,0.0400016802974014,-0.0104980347281336
212,0.0400025086689036,-0.0108958735401744
213,0.0400040650104574,-0.00972467050494158
214,0.0399885861103543,-0.0107377278142618
215,0.0400009886662423,-0.00885430229785955
216,0.0400035606721429,-0.011399379649614
217,0.0399970400938869,-0.00936935620967956
218,0.0399923848774144,-0.00938013588668248
219,0.0399854788044671,-0.010176066099582
220,0.0400089886951035,-0.00919837383643566
221,0.0399829021922213,-0.0103630935061309
222,0.0399884807376741,-0.00962907590936023
223,0.0400033769596464,-0.0097943879197848
224,0.040003959346958,-0.0100583424891333
225,0.04000613817235,-0.00828422868895531
226,0.0399761575631056,-0.00961019788206972
227,0.0399991517077817,-0.00889150736930382
228,0.040008187467067,-0.010989579229093
229,0.0400020789683749,-0.00935990781462613
230,0.0399967531464064,-0.00990224793670821
231,0.0399947054363615,-0.00980691254105411
232,0.0400043495307447,-0.00983551662651113
233,0.0399952701936365,-0.0100394218933035
234,0.0400058780066874,-0.00933194882352764
235,0.0400021469518489,-0.00980861987815765
236,0.040005470983996,-0.00942774739503392
237,0.0399974237607944,-0.0102443373739256
238,0.0400013427236604,-0.00884699632037182
239,0.0400026509866254,-0.0097386011109796
240,0.0399956111637941,-0.0102445343150257
241,0.0399984591709458,-0.00907546211977972
242,0.0399919122975372,-0.010701703961042
243,0.0399917567718419,-0.00986670985101191
244,0.0399977107954232,-0.0101031618841472
245,0.0400011247447022,-0.0100237664037423
246,0.0399985285444884,-0.00928158924259657
247,0.0399861823230064,-0.0101752488292242
248,0.0400036060049392,-0.0101412070297671
249,0.039993982351492,-0.0111052929560487
250,0.0400001942651363,-0.00940567307002129
251,0.0400056781435039,-0.00948781231553361
252,0.0399940908180582,-0.00938283906135431
253,0.040000208396662,-0.0101777455130932
254,0.039997878292023,-0.00980953250025018
255,0.0399944112620539,-0.00856038596849941
256,0.0400119223774388,-0.00932684857481804
257,0.039994648795415,-0.0109283532235939
258,0.0399998516875453,-0.0101756491557651
259,0.0399912878264158,-0.0103305299012575
260,0.0399962507155109,-0.0105972759995804
261,0.0400110403620754,-0.00922899069248661
262,0.0400042417402679,-0.00977136414086735
263,0.0399900205865671,-0.0092712684838886
264,0.0400044404394336,-0.00862158612797203
265,0.0399838281693964,-0.0100841346631226
266,0.0400068212498937,-0.00917901415017344
267,0.0400029254656036,-0.0106144197109011
268,0.039991532121299,-0.00998364949073995
269,0.0399995049186064,-0.0109419315669437
270,0.0399912600258279,-0.00949380426200358
271,0.0400027393984366,-0.0103414976287156
272,0.0399999741039121,-0.00968278003960887
273,0.0399885582360054,-0.0100487967006691
274,0.0399988889469942,-0.00954536712630816
275,0.0400033314996349,-0.00999975954713892
276,0.0399958690107402,-0.0096391703288439
277,0.0399861952617513,-0.00969406337818282
278,0.0399991601463006,-0.0105093035951634
279,0.0400007931469064,-0.00987065527169182
280,0.0399979746157659,-0.00894894075237761
281,0.0400044900607765,-0.0105037789475346
282,0.0399971439883137,-0.0104487839519035
283,0.0399904747790162,-0.01022419417829
284,0.0399926810299616,-0.0106543225015115
285,0.0399931599315052,-0.0101950222543051
286,0.0400029794521527,-0.0109924653659249
287,0.0400170861764552,-0.0096685393562706
288,0.0399996358398467,-0.00910563881849741
289,0.0400010476966373,-0.0107957252197933
290,0.0400051698232454,-0.00993641452391028
291,0.0399928428545807,-0.00969051803081394
292,0.0399985902647093,-0.0108097595337288
293,0.0400019561443772,-0.0113072190099112
294,0.0400073660404659,-0.00987413329379915
295,0.0399990496547599,-0.00887816522058762
296,0.0399956340568551,-0.00979269350345867
297,0.0400003012807936,-0.00871722364741596
298,0.039995848581988,-0.00957290488373795
299,0.0400081047345873,-0.00942207005631709
300,0.0399927856618055,-0.00969304317240914
301,0.0400082216526703,-0.0102900293600583
302,0.0399931519308893,-0.0104783639586913
303,0.0399960912229379,-0.0100012499586236
304,0.040009152975693,-0.00996421082489576
305,0.0399881098555142,-0.0095397057451045
306,0.0399892713121257,-0.0091256660859565
307,0.0400077025372767,-0.0106817823115167
308,0.0400045524420695,-0.00868834801641381
309,0.0400046883211931,-0.0102449529487883
310,0.0400013967259564,-0.0102004514321094
311,0.0400109870582922,-0.0104026912659585
312,0.04000517845799,-0.0100110581250127
313,0.0399939522337048,-0.0102499205610904
314,0.0400090676070679,-0.0111612087697147
315,0.0399949942538749,-0.0108181647313046
316,0.0400021741607617,-0.00930426883190384
317,0.039989638103913,-0.0106370034371109
318,0.0399941292975013,-0.0103361447038599
319,0.0399892971266594,-0.0091418917606385
320,0.0400014484529765,-0.00927557976798646
321,0.03999997747618,-0.011003044235942
322,0.0400083786712499,-0.00931336179263934
323,0.0400109538385862,-0.00833410951543905
324,0.0400093467046055,-0.0102026099165327
325,0.0399948110760109,-0.00938060566602636
326,0.0400000661539489,-0.0102402480827796
327,0.0400087117643676,-0.0101677983007678
328,0.0400014043132909,-0.00877821579763212
329,0.0400017096675742,-0.00936302662147726
330,0.0399831556107297,-0.010296015452594
331,0.0399991745620195,-0.00971434323850253
332,0.0399953326381909,-0.00911237079994419
333,0.0400049270740412,-0.0100704740039461
334,0.0399983031024704,-0.0099831179295413
335,0.0399972288377227,-0.0111472394426074
336,0.0399922626012277,-0.00995255993892457
337,0.0399979308294648,-0.00963516149487523
338,0.040006243440122,-0.00946213341367318
339,0.0399960648757284,-0.00986954386780383
340,0.0400099501403687,-0.00994838403870748
341,0.0400071747540398,-0.010679827181143
342,0.0400158688681196,-0.0102116828427319
343,0.0400057433867135,-0.00963455597458825
344,0.0399927851089746,-0.0103588262764635
345,0.0399929645629778,-0.00961644609887988
346,0.0400181506792914,-0.00928029052387397
347,0.0399902596543333,-0.00956331079471509
348,0.0399983555692713,-0.0114425864506324
349,0.0399939943744994,-0.0110359624703647
350,0.040004272939974,-0.00976026022496681
351,0.0400017491400299,-0.0104646656514823
352,0.0400069282908182,-0.00952400835572084
353,0.0399985337821078,-0.00959049435720438
354,0.0399978576346345,-0.0109699596878823
355,0.0399959464585294,-0.0114511300232095
356,0.0399997139547832,-0.0100705721857427
357,0.0400041508821227,-0.0112347939862553
358,0.0400057320115365,-0.0106344937056669
359,0.0399987578268433,-0.00909511516481015
360,0.0399914547167965,-0.0102322944882118
361,0.0400036288109253,-0.00941971173183854
362,0.0400019043778768,-0.00966618932122804
363,0.0399966691500467,-0.00975046888159055
364,0.0400036784905298,-0.00962291516320193
365,0.0400025187419241,-0.0101435538521205
366,0.040009609814166,-0.00984342243216143
367,0.0399927624847241,-0.00964373721873335
368,0.0400067085472935,-0.0110756904956663
369,0.0400013231905477,-0.0106183281443457
370,0.0400140675060528,-0.0104456657401196
371,0.0399957350563045,-0.00929207062073857
372,0.0400063701311087,-0.00985672349887169
373,0.0399964926164932,-0.0109021570905164
374,0.0399930517498276,-0.0104146313670992
375,0.0400098565083312,-0.0105553645928618
376,0.0400035719619433,-0.0102515030256462
377,0.0399986907176931,-0.00923543801012819
378,0.0400058714841574,-0.0106125588962681
379,0.0400027009732411,-0.0112673182183473
380,0.0400006200267076,-0.00963152101837295
381,0.0399916154075273,-0.0101878905883841
382,0.0399963558456762,-0.00993429586188316
383,0.0400052763275851,-0.0108639547850719
384,0.0399934288368159,-0.00995428749507262
385,0.039997426883893,-0.00946564240710408
386,0.0399995109419068,-0.0100791265780931
387,0.0400112835844776,-0.0101394607931826
388,0.0399951529654824,-0.0103771039776447
389,0.0400098511576986,-0.00972815612354538
390,0.0400048464098972,-0.0115000779817243
391,0.0399951063954183,-0.00956425930773988
392,0.0400014955030355,-0.00967422834130698
393,0.0399915801451905,-0.00937391043920036
394,0.0399991740914514,-0.00955163193487463
395,0.0399827849480535,-0.00980065829074357
396,0.0399887541171728,-0.0104182734006686
397,0.0399945546661244,-0.0105981047119568
398,0.0399982357446751,-0.0114659968031466
399,0.040001712426138,-0.0105456288949588
400,0.040002399671919,-0.00896224913456399
401,0.0400112015275611,-0.00927174070457938
402,0.0400034854983131,-0.00913344904996726
403,0.0400142202494288,-0.00969236351293987
404,0.0400000839192947,-0.0107184202917794
405,0.0399962184505434,-0.009371273259979
406,0.0400070888428975,-0.00908925515817254
407,0.0400055004163889,-0.0102169561417607
408,0.0400005190914544,-0.00899650913927768
409,0.0400000243709188,-0.00826962350069608
410,0.0399953301466159,-0.0106574918328143
411,0.0400137768697496,-0.00991775203735907
412,0.0399955945123977,-0.0095115671657131
413,0.0399990521872677,-0.00917714163497953
414,0.0400031435061138,-0.00957274429390495
415,0.040012396706979,-0.00901114657978571
416,0.0399884660740532,-0.0108149962125924
417,0.0399957537061913,-0.00959566396557605
418,0.0399932267908218,-0.010368121512822
419,0.0400055527863167,-0.0100010035954323
420,0.0400082060934923,-0.00971810874892041
421,0.0400065483000501,-0.0101760946085468
422,0.0400007854046136,-0.0102958810002457
423,0.0400043536164838,-0.0100377715924529
424,0.0400107866857199,-0.0108267719023081
425,0.0400028968691228,-0.0102182132180949
426,0.0399903217701897,-0.010671540507571
427,0.0399924087179886,-0.00979429182806269
428,0.0399904390389162,-0.00925051055656216
429,0.0399980527009242,-0.0104234346222422
430,0.0400058239436381,-0.010246068477431
431,0.0400072695443211,-0.00969160214014694
432,0.0400066014778579,-0.00881551024010658
433,0.0399994751140024,-0.00994794139308743
434,0.0399936663161679,-0.0110486657591531
435,0.040006098908516,-0.0109951197528031
436,0.0400133342555594,-0.00956916794649626
437,0.0400000510916877,-0.0101873058824794
438,0.0399922260572458,-0.0100854201233708
439,0.0399950551609226,-0.00958040019829539
440,0.0400095313461571,-0.00991426358308091
441,0.0399940600356703,-0.00990535544933635
442,0.040009311210712,-0.0102762742479755
443,0.0399980356657742,-0.00941916206260864
444,0.0400012406228399,-0.00992322194976983
445,0.0399979136603221,-0.00970656219153063
446,0.0399945905229517,-0.0102920483456349
447,0.0399986523963777,-0.0107855930462883
448,0.0400069976931219,-0.0108212942318717
449,0.0399982668615829,-0.0100085354172284
450,0.0400054856546549,-0.0106540519247991
451,0.0399912261946533,-0.0105899259802392
452,0.040001436629449,-0.00974127585995033
453,0.0400063108116742,-0.00835968093918565
454,0.0400077954071772,-0.0088974696474789
455,0.0400029604530851,-0.0100134571227867
456,0.039999613506289,-0.0105789229353453
457,0.0399958134362566,-0.0101275787192549
458,0.0399994048205047,-0.0090724939432412
459,0.0399863511506613,-0.00926359648333656
460,0.0400048954069531,-0.0104246630226912
461,0.0400023941700986,-0.0100122506279228
462,0.0400093653414788,-0.00914359418298101
463,0.0399992316022291,-0.0104169396420141
464,0.0399974213558491,-0.0103782754661099
465,0.0399963260853279,-0.00929646839171635
466,0.0400010077827348,-0.0106082887127116
467,0.040002808989529,-0.0099688845615268
468,0.0399923911894513,-0.0104840880723201
469,0.0399931148770835,-0.00897081669523891
470,0.0400032401051625,-0.0112041366139381
471,0.040011098401852,-0.00998901815606582
472,0.040003699121765,-0.0099641327648228
473,0.0400057756346818,-0.00927214877429688
474,0.0400092071797023,-0.00916913541470746
475,0.0399937125728982,-0.0109534233980065
476,0.0399965099793123,-0.010035037049098
477,0.0400116906811055,-0.0104881022987858
478,0.0400003605739826,-0.00939301300084929
479,0.0399979491592503,-0.0103222779557406
480,0.0400013048560442,-0.010654949110368
481,0.0399947135275587,-0.00930169511527659
482,0.0400014756033877,-0.00926430691070748
483,0.0400078149096335,-0.00987056640463867
484,0.0399931047161014,-0.0100979592250544
485,0.0400042543482947,-0.0101240795938632
486,0.0399947853113692,-0.00992543406933916
487,0.039991293539555,-0.0099973031572532
488,0.0399971659560711,-0.0112114168701352
489,0.0399996589508676,-0.0102965618260721
490,0.039987499149099,-0.0101023173703725
491,0.0399926099863331,-0.00978027509138291
492,0.0399951832008859,-0.009709988607265
493,0.0400040387694938,-0.00995043157271229
494,0.0400026288484782,-0.011043323480137
495,0.0400046249928905,-0.00936356587187278
496,0.0399845302438834,-0.00926326253337094
497,0.0400065243020671,-0.00933817676061888
498,0.0399932092439372,-0.00950155421073734
499,0.039990628836653,-0.0103455257095732
500,0.0399990697388848,-0.0100756721460552
501,0.0399966218879106,-0.0106820684050933
502,0.040000770503414,-0.0101707698374773
503,0.0399920196327262,-0.0100692132196992
504,0.0400028630079238,-0.00951027748875176
505,0.040005435870032,-0.00917151122958102
506,0.0399960681111587,-0.00907030901172197
507,0.039996240038288,-0.00983827082615541
508,0.0400098544900919,-0.0088528252272393
509,0.0400011059336959,-0.0113436711943748
510,0.0400051516128773,-0.0103758328748053
511,0.0399957181433636,-0.00944115136310407
512,0.040003328535946,-0.00962001146752564
513,0.0399987828260232,-0.00934381526500155
514,0.0400002875274176,-0.0105935921940239
515,0.0399965709130323,-0.0101007907415393
516,0.0400071485755458,-0.0101408776184764
517,0.0400063619514035,-0.00978440196281934
518,0.0400026201970148,-0.0109424715140408
519,0.0400170847215934,-0.0100710250277572
520,0.0399876639727898,-0.00953257430511057
521,0.040007991303782,-0.00960965737857284
522,0.040004513673627,-0.0103396384665263
523,0.0400043491728959,-0.0107169742076698
524,0.0399980194351156,-0.00936959182688698
525,0.0399990689346368,-0.0105272664976408
526,0.0399958861860427,-0.0108128731100067
527,0.040002626889635,-0.00808035769518137
528,0.0399866759547597,-0.00952427029307436
529,0.0400061703145404,-0.00877803046402622
530,0.0400051863004481,-0.00965696627779135
531,0.0399976294482151,-0.0106765900932827
532,0.0400008901780533,-0.0102734917520897
533,0.0400061758200013,-0.00912162856384469
534,0.0399913411651622,-0.00975264644482928
535,0.0400048493932824,-0.00963158527717164
536,0.039983781136037,-0.00955880399774531
537,0.0400000713235853,-0.00941508340111902
538,0.039979975553566,-0.009292952156785
539,0.039990673630452,-0.0100513653400185
540,0.0400080756898495,-0.0113809750252263
541,0.0400160978293395,-0.0104227701476564
542,0.0400081406380777,-0.00946992619073081
543,0.039998672611333,-0.00975645964221808
544,0.0399903484548062,-0.0105193417427982
545,0.0400007900515191,-0.010192747392858
546,0.0400099770176813,-0.0095465933595642
547,0.0399909557162672,-0.0103277699583545
548,0.0399943310877589,-0.00907222456205967
549,0.0400169574143751,-0.00946100272018134
550,0.0399989893500972,-0.00904045062390671
551,0.0399828389759367,-0.010208400019427
552,0.0399933378959232,-0.0109254520111068
553,0.0400043937712901,-0.00983629739102321
554,0.0400014309360789,-0.00992820187630343
555,0.0400102923557926,-0.00956105878341364
556,0.0400024021825499,-0.0105098030543345
557,0.03998946139797,-0.00899039053171808
558,0.0400043412026522,-0.00852975477601307
559,0.0399932360341823,-0.00884765523140025
560,0.0399977013326718,-0.0097516087676523
561,0.0399955590225014,-0.00953800674342775
562,0.04000280002333,-0.0102768327747373
563,0.0399959572361214,-0.00984912814414048
564,0.0399991740557474,-0.0116892639420824
565,0.0399897445971023,-0.00975760076059375
566,0.040004609718188,-0.010280453455249
567,0.0400013220630379,-0.00891301868385343
568,0.0399950919698158,-0.00950190995118726
569,0.0399986683610322,-0.0104166216580628
570,0.0400070656620375,-0.0111302801313623
571,0.0400074361887882,-0.00879334751510694
572,0.040000210370722,-0.0106523939454557
573,0.0400130687708564,-0.00912471423327488
574,0.0399908900597287,-0.0096417718729735
575,0.0400004381380357,-0.0113279777076724
576,0.0399974965601149,-0.00937771610792926
577,0.0400116994734264,-0.0102602548818576
578,0.0400090282309173,-0.00946348903930938
579,0.0399930813528541,-0.00922945298665733
580,0.0400015931357082,-0.00936202538394371
581,0.0400011515088561,-0.010708941797808
582,0.0400189557134555,-0.00989074792622494
583,0.0400015079877094,-0.00912247432916
584,0.0400002724695032,-0.0107857668577603
585,0.0400044941221315,-0.00911598714597864
586,0.0399997967958311,-0.00953594025305648
587,0.0400183228973965,-0.0107828302009523
588,0.0400057344582783,-0.00880238090304434
589,0.0399917905380232,-0.0104352245210864
590,0.0400035902788818,-0.00995586786276325
591,0.0399966077854552,-0.0102913226094253
592,0.0400127565089535,-0.00979334406754294
593,0.0399967725245045,-0.00994103308419521
594,0.039988350905982,-0.0094199393734291
595,0.0399961273460074,-0.00978528348730855
596,0.0400024368633689,-0.0107189142116387
597,0.0400017501388093,-0.010017430033238
598,0.0400093769687064,-0.00994023285075005
599,0.0400020667472748,-0.0106960487073548
600,0.0399861506152082,-0.0112228250369653
601,0.0399967291174743,-0.010839961666895
602,0.0399997166133953,-0.0103357832208147
603,0.0400048451496356,-0.00984158488087397
604,0.0399957305799063,-0.00888198011411818
605,0.0399868986647102,-0.0105209504324598
606,0.0400046149414461,-0.0100523419885007
607,0.0399908021074039,-0.00861418217484989
608,0.0400068284603098,-0.00937194215189996
609,0.0399943116485398,-0.0111738637131681
610,0.0399975706549781,-0.00926776603179794
611,0.0399978540440518,-0.0108169499781835
612,0.0400038442386041,-0.0104269433781802
613,0.0399917588893387,-0.00974127337411281
614,0.0399995009545792,-0.0098646266990067
615,0.0400049139459947,-0.0101305483282016
616,0.0400058508026305,-0.00964600687260542
617,0.0399909188004669,-0.00996766962332296
618,0.0400070547235999,-0.00993342790557413
619,0.0399991198188898,-0.0103959115033444
620,0.0400003036109634,-0.0101256368074349
621,0.0400097894631385,-0.00979980408234625
622,0.0400088428918608,-0.0109862286185551
623,0.0399929085958448,-0.0104405137698451
624,0.0399947274306657,-0.010505442933652
625,0.0399973584244291,-0.010500371468415
626,0.039988362004494,-0.00970565256922321
627,0.0399974843958591,-0.0104260314927347
628,0.0400172081417035,-0.0102282214092519
629,0.0400091038686811,-0.0102685406623795
630,0.0400062918932564,-0.0101118809113645
631,0.0400039192257995,-0.0101805895556888
632,0.0399944226186086,-0.00899188139937459
633,0.0399956655526814,-0.0107710079342179
634,0.0400079183347272,-0.0100137332531508
635,0.0399979560925796,-0.00990286636173782
636,0.039988127318148,-0.0101778131399744
637,0.0399965627216005,-0.0100625839089883
638,0.0400009073345636,-0.00936580685743357
639,0.0399947182982949,-0.01013893377625
640,0.03999647137091,-0.00949517846280441
641,0.0400010990624052,-0.00977475681257006
642,0.0400138795645735,-0.0103130033374287
643,0.0400013159457427,-0.0106075078883578
644,0.039997126208843,-0.0100560221037281
645,0.0400024873707243,-0.0107119543607273
646,0.0399922892442163,-0.00932923748622157
647,0.0399894242277963,-0.00876751464397705
648,0.0400055750611723,-0.00979155610233789
649,0.0399910943141223,-0.0105884813430015
650,0.039993030442034,-0.00950248015933786
651,0.0400114684910008,-0.00981495853088567
652,0.039998192140526,-0.00958515508098234
653,0.040000012764981,-0.00974161390454923
654,0.040009019012018,-0.00929426319902998
655,0.0400033800768522,-0.00799997368215199
656,0.0400018292978963,-0.0101904372086
657,0.0400014388990535,-0.0086012003243157
658,0.0399967002925724,-0.00893108537994279
659,0.0400027274574046,-0.0109647315507816
660,0.0399917158531489,-0.00925044778507851
661,0.0399847782461625,-0.0097359543625836
662,0.0399992420889788,-0.00982644409299012
663,0.0400104530859506,-0.0101071990255258
664,0.0399982208977161,-0.00955787368441688
665,0.0400029849923299,-0.0109464827526634
666,0.040001670820233,-0.0102105489575083
667,0.0400068467254628,-0.0108281632454076
668,0.0400026927733193,-0.0107806140604246
669,0.0399991714004548,-0.010497359377778
670,0.0399937186890425,-0.0106144738360829
671,0.039988496333973,-0.00952111324554334
672,0.0399909945111806,-0.00950394317407826
673,0.0399961984772837,-0.00962287553492952
674,0.0399876984725133,-0.0108501941387137
675,0.0399957771312551,-0.010840216550236
676,0.0399973196048582,-0.00904498773741761
677,0.040005611660682,-0.00980543150292957
678,0.0400026373593417,-0.010531243486232
679,0.0399897302899271,-0.0103441038991532
680,0.0400062334161628,-0.0099615134570922
681,0.0399942987681159,-0.0104866700638905
682,0.0400140837662637,-0.0101831925743283
683,0.0400049147227342,-0.0094177986124982
684,0.0400092546121994,-0.00928634334480646
685,0.0399935096057977,-0.00997696560406455
686,0.0400059213858217,-0.0101869132146168
687,0.0399988186413318,-0.0100996406283492
688,0.0400024076761782,-0.00947470147264549
689,0.0399985449701366,-0.0110135359930427
690,0.039999734155418,-0.0100540906733719
691,0.0399907720201962,-0.00942313692552224
692,0.0400116749481124,-0.010597812875151
693,0.0400024586191612,-0.00983428076690591
694,0.0400034414513639,-0.0113254137382507
695,0.039997340984437,-0.00951785295457667
696,0.0399915502464519,-0.00942223055379328
697,0.0400012636929088,-0.00942557422988611
698,0.0400083867718147,-0.0104815429368493
699,0.0400052794535861,-0.00942969585030997
700,0.0400087932759126,-0.0103097354142204
701,0.0399977419171402,-0.0095534133354141
702,0.0400022350925782,-0.0104960251406476
703,0.0399940723896998,-0.00856986334125699
704,0.0399941978116852,-0.0106482754548933
705,0.0399966502525564,-0.0107455561991413
706,0.0399974073653978,-0.0106546794974298
707,0.039999556886628,-0.0092796996040952
708,0.0399983249892536,-0.0103797315536122
709,0.0399962518489141,-0.00997547875821367
710,0.0399991419933924,-0.0104518456642226
711,0.0399998025832936,-0.010038827736741
712,0.0400006360564257,-0.010809086225132
713,0.0400022170458533,-0.00985435298769553
714,0.0400007298331154,-0.0106216669760315
715,0.0399903104248688,-0.0104180166502581
716,0.0399973072330437,-0.00954525221890259
717,0.0400021499780842,-0.00979030874012723
718,0.0399923904619645,-0.00947204760347876
719,0.0399979712998386,-0.00998448591231058
720,0.0400038427429873,-0.00881009323354909
721,0.0400087358406592,-0.00904786706145687
722,0.0400039007650346,-0.00847299341237511
723,0.0399986632494843,-0.00999266176074192
724,0.0400069276446273,-0.009647534371299
725,0.0399977666812592,-0.00869042010160861
726,0.039994416566691,-0.00945511937515776
727,0.0400038706912636,-0.0113155967736603
728,0.0399978920276748,-0.0105947785393223
729,0.0400043279153295,-0.00904108023778129
730,0.0399849383631889,-0.0103305285375717
731,0.0399980201835195,-0.0100542838333739
732,0.0399953919824284,-0.008832578903096
733,0.0399982873178916,-0.00924573167789125
734,0.0399964614205875,-0.00979708497398816
735,0.0399967289102392,-0.0102100356071137
736,0.0400019203534082,-0.00927090797137213
737,0.0400008736440999,-0.0101652675680604
738,0.0399932585486681,-0.0106657169055445
739,0.0399941120531858,-0.0111089613950682
740,0.0400047271988335,-0.0106336120475518
741,0.040008282736579,-0.00992471714851682
742,0.0399967982105264,-0.0101896897328232
743,0.0400074397286566,-0.00997001890178022
744,0.0400022172947808,-0.00920052130305649
745,0.0400173366914396,-0.00965986649753223
746,0.0400007979700916,-0.00975093097241889
747,0.0400061125490831,-0.0108410333449731
748,0.039995766892446,-0.00944249138363501
749,0.0400063928672031,-0.00969512954493769
750,0.039997921601168,-0.00979457356001706
751,0.0400094594823531,-0.00994082214852529
752,0.0400032406137484,-0.00975932810367998
753,0.0400073779671263,-0.011224647582198
754,0.0400085626316691,-0.00949438221539393
755,0.0399892944727827,-0.00983292829331124
756,0.0400001330870924,-0.0101759275476626
757,0.0399985748903787,-0.0104656114668166
758,0.0399993820580862,-0.00944578796004355
759,0.040011552635741,-0.00952659700324617
760,0.0399889874488714,-0.0103944998701127
761,0.0400065218737594,-0.0100934710094009
762,0.0400053097476721,-0.0100226137740458
763,0.0399947336393896,-0.00963953705692474
764,0.0400097836704938,-0.0101897841333998
765,0.0399909673944801,-0.0106755157659737
766,0.040002664411279,-0.00969924486696466
767,0.0399882256226127,-0.00960620660717029
768,0.0399953518202135,-0.0107386188980375
769,0.0400004919079405,-0.00894010493781103
770,0.0399932641413835,-0.00828834762001981
771,0.0399875433790728,-0.00999325438435393
772,0.0399980198826644,-0.0113528871909396
773,0.040003079033828,-0.0104525125684934
774,0.0399983653176794,-0.00961924554192301
775,0.0399963809229788,-0.0113532468956764
776,0.0400051484477089,-0.00925973342447823
777,0.0400151292972166,-0.010509696708617
778,0.0400061743918704,-0.0101209477376811
779,0.0399995163280364,-0.00905874561876608
780,0.0400008895286622,-0.0115230968702266
781,0.0400015110697441,-0.00984049870733544
782,0.0400057274138497,-0.00989890935482431
783,0.040000740550327,-0.0104847621974151
784,0.0400033121729712,-0.00910454300658813
785,0.0400033579646449,-0.0100162434755094
786,0.0399911891999062,-0.00981647816829031
787,0.0400015149750706,-0.00953049462677477
788,0.0399904616024283,-0.0112342908626211
789,0.0399993220319511,-0.00979582577745062
790,0.0399955231411697,-0.00953416161622164
791,0.0400048826799995,-0.00949654346010941
792,0.0399953337812215,-0.0098491050522403
793,0.0399954438330501,-0.00934678743882731
794,0.0400003784136868,-0.00978234923369987
795,0.0399875295105508,-0.0104666822320892
796,0.0400168862368723,-0.010545355141541
797,0.0400038773932179,-0.00934966767959761
798,0.039994546856287,-0.00904596874442776
799,0.0400044623821803,-0.00782093975713855
800,0.0400026822806447,-0.0102163962574571
801,0.0399910413154823,-0.0106074333755932
802,0.0400026479648173,-0.0105615130636488
803,0.0400146819532364,-0.0091930706814979
804,0.0400014088773983,-0.0104986393572475
805,0.0399984222333018,-0.0115075475674396
806,0.0400079327789705,-0.0106699696519849
807,0.040005056209049,-0.0108954929166609
808,0.0400034570651038,-0.0105597172724228
809,0.040008854053139,-0.00987479121660743
810,0.0400047511640901,-0.0101944387478287
811,0.0400013025819817,-0.0091696618474701
812,0.0399947359353427,-0.00997555378039653
813,0.0400130619994871,-0.0101874095968334
814,0.0400070621252138,-0.010332222250776
815,0.0400026147876594,-0.00956799976790849
816,0.0399989639021933,-0.0100588506195322
817,0.0399987888115507,-0.0091191741007136
818,0.0400102180865604,-0.010777831430877
819,0.0399943938356752,-0.0125285526423982
820,0.0400046241614489,-0.0103709363093169
821,0.0399978460801448,-0.0106116649572497
822,0.040001300480594,-0.00872473581471257
823,0.0399970542750903,-0.00940442821327399
824,0.0399993814947584,-0.00932917772089744
825,0.0399903670199117,-0.0105888849485834
826,0.0399982045304747,-0.0100182077179507
827,0.0399969546265666,-0.00993551107049478
828,0.0400029667935912,-0.00964004640354114
829,0.0400022320667667,-0.0116504563149601
830,0.0399862497640572,-0.00922737276257164
831,0.0399958769252135,-0.0102423356324716
832,0.0399881883684482,-0.0109407227091972
833,0.0400125109949179,-0.0100711968182106
834,0.0400041040607218,-0.0102955315217355
835,0.0400003121151485,-0.00987178008830997
836,0.0400144242235456,-0.0101034009462027
837,0.0399776185650236,-0.00972821375640366
838,0.0400102502513173,-0.0114051921966942
839,0.0400044004544487,-0.0101348572348493
840,0.0399977177972756,-0.01027692063036
841,0.0400127903024973,-0.0107655733454567
842,0.0399950050653755,-0.00975796566616968
843,0.040009132606622,-0.0093793307752847
844,0.0399972563860468,-0.0100082983013812
845,0.0400058303086895,-0.0106015683650072
846,0.0400099632749441,-0.00928827511423829
847,0.0399986723501812,-0.0106572666411174
848,0.0400066154189052,-0.0105589073388554
849,0.0400070685058904,-0.00978042163489973
850,0.0399975852308005,-0.010528748582603
851,0.0399908373785809,-0.0104622394476205
852,0.0399986522965154,-0.0102573916262477
853,0.040009726741877,-0.0103000361132548
854,0.0400007706429948,-0.0103758069740652
855,0.0399939704586307,-0.0100301435323734
856,0.0400021603146973,-0.00939869477791226
857,0.0399902797227531,-0.010082079662469
858,0.0399968459974072,-0.0103367814456488
859,0.040012298139398,-0.0105504159801944
860,0.0400042546349534,-0.0100451535100614
861,0.0400056445732878,-0.0103019972539928
862,0.0400033371737769,-0.00958609584420296
863,0.0400057676977289,-0.00948195828542449
864,0.0399929439942145,-0.0102799009796688
865,0.04001352200125,-0.0108075645429041
866,0.0400109147433285,-0.0104763403121482
867,0.040002323135603,-0.00894378978535687
868,0.0399879665688801,-0.0103129753064792
869,0.0399984194464038,-0.00899446095270406
870,0.0399951746027077,-0.00991526282282105
871,0.0399975782826208,-0.0103478456476772
872,0.0399982434522367,-0.010031640913408
873,0.0400030710732455,-0.00956886943773683
874,0.0399994299408341,-0.0105253668516826
875,0.0400045705961806,-0.00917717215440533
876,0.0399985345980205,-0.0102625215374454
877,0.0399926336809604,-0.00980614940818027
878,0.0399938525469422,-0.0102824066452995
879,0.0399986050939074,-0.00966694414059529
880,0.0399914663399113,-0.00911583761852342
881,0.0400031562411195,-0.0103171568006556
882,0.0399863262708329,-0.00969288655293533
883,0.0399964512684013,-0.010013091572148
884,0.0400019801440701,-0.0105195960516116
885,0.0399998208309091,-0.0109418530772523
886,0.0400083081493939,-0.0109637635153119
887,0.04000757037847,-0.00913860486089751
888,0.0400051889011925,-0.00962415200055863
889,0.0399975101083029,-0.010495354686753
890,0.0400061943593242,-0.0108001739923966
891,0.0399917162369475,-0.00998772693539857
892,0.0400051790694223,-0.00979750106772565
893,0.0399943810306321,-0.0104484976283509
894,0.0400111900278065,-0.00984563239968032
895,0.0400071975545369,-0.0104321627308172
896,0.0400067865579149,-0.00954211375535317
897,0.0399956152227142,-0.00975712683327297
898,0.039997222884456,-0.010040604620668
899,0.0399976125239792,-0.0101492643288855
900,0.0399982547784801,-0.00966908643249697
901,0.0399990521329029,-0.00956826936820917
902,0.04001228304797,-0.00923174509059378
903,0.0399892888610806,-0.00985140464146847
904,0.0400070326449719,-0.00953369305708876
905,0.0400060462224996,-0.00869882518304601
906,0.0400040996522718,-0.00920592566422673
907,0.0399958510373089,-0.00954395415515417
908,0.0399956961017127,-0.00984224470738248
909,0.0399916192346032,-0.0094500581738641
910,0.0399993110691855,-0.00981075317271647
911,0.0399888114834824,-0.0105081536699195
912,0.0399938128717739,-0.00953129811056751
913,0.0400107056674041,-0.0108154302787785
914,0.0400121726716678,-0.00901160017899808
915,0.0400028380290263,-0.00980909721022981
916,0.0399903252857974,-0.00874915821636114
917,0.0400051148320984,-0.0104325098976115
918,0.0400104854092987,-0.0106160675711402
919,0.0399852517911541,-0.0103492029025291
920,0.039995434983223,-0.0120264946854678
921,0.039998653691573,-0.00897010783259409
922,0.0400026846569017,-0.0105333549599295
923,0.039989915547582,-0.0102794407358934
924,0.0399972320392652,-0.00947368503980128
925,0.0399884830340889,-0.00909546168278288
926,0.0399955674747851,-0.0106748110786808
927,0.0399880906559859,-0.0100248271372613
928,0.0400024650317922,-0.00979985467549249
929,0.0400020378059849,-0.0103276795896302
930,0.040014921536307,-0.00992243134446073
931,0.0399843081335713,-0.00914222731195657
932,0.0399895228419366,-0.00955743307478052
933,0.0400088017274739,-0.00931294704402228
934,0.0400019428329995,-0.011393126514965
935,0.040001941050385,-0.00975052000059805
936,0.0399957526171594,-0.00934822751087949
937,0.0400071767395871,-0.0105607352962229
938,0.0399848885345553,-0.0101169191091749
939,0.0400014447072064,-0.009977909051061
940,0.0399954647989802,-0.0089672703858241
941,0.0400015533880261,-0.00939220272824349
942,0.0400059805465197,-0.00905883647916048
943,0.0399971305483894,-0.0113059404874258
944,0.0400044114619547,-0.0100785620806797
945,0.0400002224470421,-0.0106922474939093
946,0.0400015963177934,-0.00964823627225894
947,0.0399989420777116,-0.0104553229675953
948,0.0399976320950343,-0.0102220348886554
949,0.0399951886531616,-0.0105697255450224
950,0.0400124861558048,-0.00975382545508399
951,0.0399962550879743,-0.00953349233107618
952,0.0399997643281253,-0.0102180498256205
953,0.0399899255521364,-0.00976979007811643
954,0.040000229646793,-0.0110460863013511
955,0.0399951775880279,-0.00962046055469649
956,0.0399953655487137,-0.0100734503430501
957,0.0400091229139457,-0.00937684276762719
958,0.039996979707508,-0.00860612918056699
959,0.0399950566772242,-0.0101315712044789
960,0.0400161987613325,-0.00917106975258541
961,0.0400127220221126,-0.010714622118634
962,0.0400028408077377,-0.0108386978881736
963,0.0399966387620608,-0.00915463210455303
964,0.0400010828133037,-0.00923750026473703
965,0.040000068075166,-0.00970236211816749
966,0.0400026492730634,-0.0104505766624307
967,0.0399958793674029,-0.00998495985060438
968,0.0400092599581766,-0.0108330491376572
969,0.0399903145678153,-0.00984327705287831
970,0.0399996114045296,-0.00907401992843316
971,0.0399786916560519,-0.0112837816212735
972,0.0400082908967633,-0.0106118721883644
973,0.0400132265280984,-0.0103809607554276
974,0.0400146209591203,-0.0104189597141436
975,0.0400051450685822,-0.010441698793942
976,0.0399898294575547,-0.0106292222888486
977,0.0399991953381745,-0.00953062464836568
978,0.0400029445079929,-0.0101984765467695
979,0.0400170745163072,-0.0100693238227066
980,0.040000222884097,-0.00975727215042142
981,0.0400048787879807,-0.0100330715381194
982,0.0400047722895235,-0.00965902883415592
983,0.0399969288865005,-0.0103153234750437
984,0.0400057683753997,-0.0103729300237295
985,0.039998614807255,-0.0103216472195037
986,0.0399953736273688,-0.0105414717623217
987,0.0400018662699271,-0.00965140101899527
988,0.0400031247410817,-0.0114717189639922
989,0.0400045065985286,-0.00924236475450547
990,0.0400018568420268,-0.00955061750310725
991,0.0399960210398721,-0.0100072427846856
992,0.0400065116064047,-0.0096422305446145
993,0.0400079715479794,-0.0101010882549179
994,0.0400120336048377,-0.0102300803948406
995,0.0400040381643942,-0.00985987755246972
996,0.0400059709067309,-0.0102215796108243
997,0.0400046884936542,-0.00898780425691928
998,0.0400054360623373,-0.0103439820759671
999,0.0399978039022105,-0.0108825286272838
1000,0.0400000558329132,-0.0105880702377367
