Iteration,ValueMatrixChange,PursuerGainChange,EvaderGainChange,ClosedLoopRadius,GameMatrixRcond,PursuerCurvature,EvaderCurvature
1,1.1809203462326,0.0667583711420292,0.0162993115511714,0.981699394913687,0.568048671767523,1.76002085611002,-0.999833134729946
2,1.03915229425719,0.00436704700412787,0.00691894836880993,0.981710874309232,0.567949441718885,1.76013932285195,-0.999767608753409
3,0.950210378775831,0.00413428028308971,0.0064486658869187,0.981721608083226,0.56786846564077,1.76020830115121,-0.99970985700883
4,0.890062614838059,0.00395016140206099,0.00610143012974275,0.981731696175395,0.567791443635815,1.76027190924972,-0.999657932548154
5,0.845203153255511,0.00379301204378008,0.00582064673812679,0.981741209757084,0.567717872539582,1.76033145623941,-0.999610478809259
6,0.808504679444084,0.00365119612568154,0.00557720637049348,0.981750208149078,0.567647428412492,1.76038768669126,-0.999566544581736
7,0.776343536823133,0.00351891135642017,0.00535639878178982,0.981758741623825,0.567579860161913,1.76044112109993,-0.999525457472527
8,0.746908167685932,0.00339328716762086,0.00515078855058221,0.981766852947718,0.567514967681824,1.76049212849571,-0.999486737293749
9,0.719294245694575,0.00327288665650561,0.00495654759015751,0.981774578631861,0.567452587015393,1.76054097503284,-0.99945003671509
10,0.693044263050956,0.00315696909635219,0.00477162226570394,0.981781949982486,0.567392580125248,1.76058785696223,-0.999415100550005
11,0.667919189324954,0.00304513100419063,0.00459483178005058,0.981788993979756,0.567334827824603,1.76063292297595,-0.999381737786749
12,0.643786667922442,0.002937131917177,0.00442542851300543,0.981795734009006,0.567279224875692,1.7606762893283,-0.999349802343599
13,0.620566609361001,0.00283280980677808,0.00426288463347085,0.981802190466578,0.567225676575834,1.76071805005304,-0.99931917980148
14,0.598204784499972,0.00273203999273472,0.00410678867940913,0.981808381260191,0.567174096366151,1.76075828385544,-0.999289778236365
15,0.576660014680188,0.00263471522841224,0.00395679527118677,0.981814322221262,0.567124404144559,1.76079705875308,-0.999261521866987
16,0.555897951466766,0.00254073613815335,0.00381260036748157,0.98182002744418,0.567076525064875,1.76083443519478,-0.999234346638579
17,0.535888048108384,0.00245000674179119,0.00367392874606768,0.981825509565203,0.567030388672366,1.76087046815308,-0.999208197140162
18,0.516602077299722,0.00236243248684463,0.00354052732110675,0.981830779991655,0.566985928272925,1.76090520852607,-0.999183024442186
19,0.498013398673905,0.00227791951309528,0.00341216125539539,0.981835849090299,0.566943080465171,1.76093870407566,-0.999158784570789
20,0.480096590225738,0.00219637451241443,0.00328861143253447,0.981840726342247,0.56690178478671,1.760971000056,-0.999135437423608
21,0.462827256641765,0.0021177048623364,0.00316967261874439,0.981845420470473,0.566861983440928,1.76100213963552,-0.9991129459928
22,0.446181923756636,0.00204181887016419,0.00305515200394872,0.981849939544928,0.566823621080986,1.76103216418222,-0.999091275802611
23,0.430137975005897,0.00196862604508543,0.00294486797846852,0.98185429106935,0.566786644634867,1.76106111345877,-0.999070394497411
24,0.414673608394426,0.00189803735762975,0.00283864907727886,0.981858482053123,0.566751003160173,1.76108902575864,-0.999050271535803
25,0.399767803518958,0.00182996546782657,0.00273633305714922,0.981862519070917,0.566716647720807,1.76111593800398,-0.999030877959951
26,0.385400293557983,0.00176432491511041,0.00263776608626835,0.981866408312353,0.566683531279974,1.76114188581871,-0.999012186218596
27,0.371551539770808,0.00170103226917718,0.00254280203193257,0.981870155623512,0.56665160860558,1.76116690358604,-0.998994170028717
28,0.35820270733565,0.00164000624412881,0.00245130183445639,0.981873766541769,0.56662083618523,1.76119102449602,-0.998976804265236
29,0.345335641987777,0.00158116777970098,0.00236313295678194,0.981877246325169,0.566591172148824,1.76121428058693,-0.998960064871295
30,0.332932847226683,0.00152444009388659,0.00227816890021035,0.981880599977339,0.56656257619727,1.76123670278285,-0.998943928783794
31,0.320977462009123,0.00146974871127126,0.00219628877754166,0.981883832268705,0.566535009536273,1.76125832092892,-0.998928373870385
32,0.309453238913504,0.00141702147112728,0.00211737693579598,0.981886947754709,0.566508434814374,1.76127916382501,-0.998913378875193
33,0.298344522790194,0.00136618851891222,0.00204132262157357,0.981889950791533,0.566482816064668,1.76129925925845,-0.99889892337128
34,0.287636229922237,0.00131718228437235,0.00196801968297829,0.981892845549763,0.566458118649718,1.76131863403606,-0.998884987718398
35,0.277313827721378,0.00126993744900635,0.00189736630284244,0.981895636026361,0.566434309209322,1.76133731401553,-0.998871553024963
36,0.267363314980664,0.00122439090522712,0.00182926475873985,0.981898326055222,0.566411355610844,1.76135532413621,-0.998858601113448
37,0.257771202699578,0.00118048170918083,0.00176362120594026,0.981900919316542,0.56638922690188,1.76137268844943,-0.998846114488592
38,0.248524495492173,0.0011381510288513,0.00170034548004837,0.981903419345221,0.56636789326507,1.76138943014812,-0.998834076307968
39,0.239610673583288,0.00109734208878801,0.00163935091657807,0.981905829538414,0.566347325974901,1.76140557159585,-0.998822470354557
40,0.231017675393404,0.00105800011255162,0.00158055418514955,0.981908153162394,0.566327497356367,1.76142113435516,-0.998811281011046
41,0.222733880708683,0.00102007226376194,0.00152387513636862,0.981910393358822,0.566308380745358,1.76143613921528,-0.998800493235641
42,0.214748094429453,0.000983507586460735,0.00146923665975854,0.981912553150493,0.566289950450701,1.76145060621894,-0.998790092539214
43,0.207049530887804,0.000948256945356801,0.00141656455137842,0.981914635446663,0.566272181717736,1.76146455468862,-0.998780064963639
44,0.199627798722788,0.00091427296640095,0.00136578738998007,0.981916643047977,0.566255050693361,1.76147800325191,-0.998770397061221
45,0.192472886300245,0.000881509978042009,0.00131683642073834,0.981918578651082,0.566238534392469,1.76149096986613,-0.99876107587509
46,0.18557514766302,0.000849923953432888,0.00126964544574176,0.981920444852938,0.566222610665708,1.7615034718422,-0.998752088920512
47,0.17892528899649,0.000819472453791738,0.00122415072055429,0.981922244154879,0.566207258168504,1.76151552586772,-0.998743424167029
48,0.172514355593859,0.000790114573070946,0.00118029085626514,0.981923978966441,0.566192456331289,1.76152714802927,-0.998735070021374
49,0.166333719305289,0.000761810884041623,0.00113800672652922,0.981925651608983,0.566178185330875,1.76153835383404,-0.998727015311109
50,0.160375066454797,0.000734523385869761,0.00109724137916982,0.981927264319123,0.566164426062936,1.76154915823059,-0.998719249268949
51,0.154630386209009,0.000708215453230962,0.00105793995197964,0.981928819252012,0.566151160115534,1.76155957562904,-0.998711761517719
52,0.149091959381793,0.000682851786989517,0.00102004959239916,0.98193031848444,0.566138369743665,1.76156961992045,-0.998704542055922
53,0.143752347659237,0.000658398366450364,0.000983519380796815,0.981931764017803,0.566126037844761,1.76157930449558,-0.998697581243875
54,0.138604383229617,0.000634822403178829,0.000948300257108519,0.98193315778095,0.566114147935127,1.76158864226293,-0.998690869790393
55,0.133641158803384,0.000612092296372888,0.000914344950619909,0.981934501632889,0.566102684127259,1.7615976456662,-0.998684398739992
56,0.128856018008647,0.000590177589763136,0.000881607912703261,0.981935797365391,0.566091631108027,1.76160632670108,-0.998678159460579
57,0.124242546148015,0.00056904893001388,0.000850045252336647,0.981937046705478,0.566080974117665,1.76161469693145,-0.998672143631618
58,0.119794561303027,0.000548678026586287,0.000819614674252552,0.981938251317818,0.566070698929555,1.76162276750499,-0.998666343232751
59,0.115506105773075,0.000529037613031657,0.00079027541957713,0.981939412807019,0.566060791830765,1.76163054916824,-0.998660750532836
60,0.111371437835895,0.000510101409670397,0.00076198820883255,0.981940532719831,0.566051239603311,1.76163805228112,-0.998655358079413
61,0.107385023817374,0.000491844087619261,0.000734715187187284,0.981941612547262,0.566042029506121,1.76164528683088,-0.998650158688553
62,0.103541530458748,0.000474241234122115,0.000708419871846242,0.98194265372662,0.566033149257664,1.7616522624456,-0.998645145435095
63,0.0998358175698023,0.000457269319144535,0.000683067101482385,0.981943657643468,0.566024587019223,1.76165898840716,-0.998640311643241
64,0.0962629309570094,0.000440905663188009,0.00065862298761811,0.981944625633505,0.566016331378799,1.76166547366376,-0.998635650877501
65,0.0928180956160556,0.000425128406283511,0.000635054867868356,0.981945558984381,0.566008371335592,1.76167172684197,-0.998631156933978
66,0.0894967091785629,0.000409916478123246,0.000612331260967927,0.981946458937444,0.566000696285073,1.76167775625835,-0.998626823831968
67,0.0862943356032508,0.000395249569288802,0.000590421823504325,0.981947326689416,0.565993296004596,1.76168356993065,-0.998622645805877
68,0.0832066991021036,0.000381108103539459,0.000569297308286392,0.981948163394006,0.565986160639544,1.76168917558858,-0.998618617297428
69,0.0802296782925786,0.000367473211118494,0.000548929524281695,0.981948970163475,0.565979280689982,1.76169458068424,-0.998614732948162
70,0.0773593005671096,0.000354326703044072,0.000529291298055854,0.98194974807013,0.56597264699781,1.7616997924021,-0.998610987592211
71,0.0745917366716682,0.000341651046345523,0.000510356436657873,0.98195049814777,0.565966250734371,1.76170481766869,-0.998607376249331
72,0.0719232954853162,0.000329429340212166,0.000492099691888679,0.981951221393074,0.565960083388534,1.76170966316186,-0.9986038941182
73,0.0693504189931216,0.000317645293020325,0.000474496725902136,0.981951918766945,0.565954136755195,1.76171433531978,-0.998600536569952
74,0.0668696774450521,0.000306283200205097,0.000457524078083953,0.981952591195797,0.565948402924213,1.76171884034957,-0.998597299141953
75,0.0644777646937403,0.000295327922946732,0.000441159133158538,0.981953239572803,0.565942874269745,1.76172318423562,-0.998594177531802
76,0.0621714937044021,0.000284764867640417,0.000425380090477862,0.981953864759089,0.565937543439968,1.76172737274762,-0.998591167591548
77,0.0599477922302575,0.000274579966120335,0.000410165934444405,0.98195446758489,0.565932403347185,1.76173141144826,-0.998588265322124
78,0.0578036986473264,0.000264759656610453,0.000395496406026601,0.981955048850665,0.565927447158282,1.76173530570074,-0.998585466867976
79,0.0557363579424463,0.000255290865373494,0.000381351975322975,0.981955609328165,0.565922668285542,1.76173906067592,-0.998582768511896
80,0.0537430178488198,0.000246160989034086,0.000367713815137372,0.981956149761473,0.565918060377788,1.76174268135921,-0.998580166670032
81,0.0518210251234802,0.000237357877548565,0.00035456377552395,0.981956670867988,0.56591361731185,1.76174617255731,-0.99857765788709
82,0.0499678219613711,0.000228869817799504,0.000341884359268661,0.981957173339399,0.565909333184346,1.76174953890459,-0.998575238831704
83,0.0481809425408683,0.000220685517789936,0.000329658698267516,0.981957657842598,0.565905202303754,1.76175278486928,-0.998572906291974
84,0.0464580096958724,0.000212794091415878,0.000317870530773269,0.981958125020579,0.565901219182782,1.76175591475948,-0.998570657171169
85,0.0447967317096635,0.000205185043795453,0.000306504179471762,0.981958575493292,0.565897378531009,1.76175893272889,-0.99856848848358
86,0.0431948992260332,0.000197848257133597,0.000295544530362516,0.981959009858475,0.565893675247792,1.76176184278238,-0.998566397350534
87,0.0416503822732644,0.000190773977102959,0.000284977012409449,0.981959428692448,0.565890104415436,1.7617646487813,-0.998564380996535
88,0.0401611273967729,0.000183952799720798,0.000274787577935016,0.981959832550888,0.565886661292607,1.76176735444867,-0.998562436745565
89,0.0387251548963769,0.000177375658705272,0.000264962683728982,0.981960221969565,0.565883341307986,1.76176996337415,-0.998560562017502
90,0.0373405561642733,0.000171033813291333,0.000255489272846342,0.981960597465056,0.565880140054153,1.76177247901879,-0.998558754324676
91,0.0360054911200169,0.000164918836490358,0.000246354757067942,0.981960959535444,0.565877053281688,1.7617749047197,-0.998557011268547
92,0.0347181857388878,0.000159022603777156,0.000237546999998901,0.98196130866097,0.565874076893496,1.76177724369445,-0.998555330536504
93,0.033476929670167,0.000153337282188075,0.000229054300782714,0.981961645304675,0.565871206939322,1.76177949904541,-0.998553709898779
94,0.0322800739420439,0.000147855319815101,0.000220865378406366,0.981961969913028,0.565868439610482,1.76178167376384,-0.99855214720547
95,0.0311260287499151,0.000142569435681697,0.00021296935657631,0.981962282916507,0.565865771234767,1.76178377073389,-0.998550640383678
96,0.0300132613250159,0.000137472609986037,0.000205355749142928,0.98196258473018,0.565863198271546,1.76178579273646,-0.99854918743474
97,0.0289402938804031,0.000132558074698026,0.000198014446054119,0.981962875754255,0.565860717307036,1.76178774245289,-0.998547786431564
98,0.0279057016314652,0.000127819304497617,0.000190935699818212,0.981963156374615,0.565858325049745,1.76178962246853,-0.998546435516063
99,0.026908110888207,0.000123250008040789,0.000184110112457456,0.981963426963334,0.565856018326084,1.76179143527617,-0.998545132896679
100,0.0259461972166617,0.00011884411954275,0.000177528622933978,0.98196368787916,0.565853794076133,1.7617931832794,-0.998543876845994
101,0.0250186836669144,0.000114595790665421,0.000171182495031592,0.98196393946801,0.565851649349558,1.76179486879575,-0.998542665698432
102,0.024124339065265,0.000110499382698029,0.000165063305675108,0.981964182063419,0.565849581301681,1.76179649405984,-0.99854149784804
103,0.0232619763682169,0.000106549459021838,0.000159162933673403,0.981964415986984,0.565847587189687,1.76179806122629,-0.99854037174635
104,0.0224304510759707,0.000102740777845631,0.000153473548868668,0.981964641548796,0.565845664368967,1.76179957237262,-0.998539285900319
105,0.0216286597033218,9.90682852052633e-05,0.000147987601677983,0.981964859047849,0.565843810289601,1.76180102950203,-0.99853823887034
106,0.0208555383057964,9.55271082152892e-05,0.00014269781301321,0.981965068772439,0.565842022492954,1.76180243454601,-0.998537229268328
107,0.0201100610590473,9.21125485643325e-05,0.000137597164564153,0.981965271000548,0.565840298608409,1.76180378936697,-0.998536255755872
108,0.0193912388895263,8.88200762454812e-05,0.000132678889433107,0.981965466000213,0.565838636350204,1.76180509576065,-0.998535317042458
109,0.0186981181546452,8.56453235130953e-05,0.000127936463107436,0.98196565402988,0.565837033514395,1.76180635545858,-0.99853441188375
110,0.0180297793704944,8.25840790569473e-05,0.00012336359475689,0.981965835338751,0.56583548797592,1.76180757013032,-0.998533539079933
111,0.017385335985515,7.96322823874664e-05,0.000118954218846149,0.981966010167112,0.56583399768577,1.76180874138572,-0.998532697474123
112,0.0167639331983741,7.67860184221917e-05,0.000114702487048639,0.981966178746655,0.565832560668269,1.76180987077701,-0.998531885950829
113,0.0161647468184439,7.40415122684834e-05,0.000110602760452329,0.981966341300782,0.565831175018436,1.76181095980094,-0.998531103434463
114,0.0155869821673839,7.13951241934081e-05,0.000106649602045901,0.981966498044909,0.565829838899461,1.76181200990069,-0.99853034888792
115,0.0150298730202495,6.88433447751827e-05,0.000102837769476342,0.981966649186742,0.565828550540258,1.76181302246782,-0.998529621311195
116,0.0144926805847749,6.63827902290263e-05,9.91622080661924e-05,0.98196679492656,0.56582730823311,1.76181399884414,-0.998528919740053
117,0.0139746925174189,6.40101979013603e-05,9.56180440834716e-05,0.981966935457482,0.565826110331398,1.76181494032344,-0.998528243244752
118,0.0134752219747787,6.17224219260713e-05,9.22005782523177e-05,0.981967070965714,0.565824955247417,1.76181584815326,-0.998527590928805
119,0.012993606699203,5.95164290374375e-05,8.89052794986849e-05,0.981967201630809,0.565823841450261,1.76181672353651,-0.998526961927791
120,0.0125292081372732,5.73892945329771e-05,8.57277789196948e-05,0.981967327625896,0.565822767463789,1.76181756763309,-0.998526355408208
121,0.0120814105899691,5.5338198382026e-05,8.26638639707698e-05,0.98196744911791,0.565821731864667,1.76181838156141,-0.998525770566361
122,0.0116496203934822,5.33604214740846e-05,7.97094728610618e-05,0.981967566267824,0.565820733280476,1.76181916639989,-0.998525206627303
123,0.011233265129373,5.1453342002137e-05,7.68606891512712e-05,0.981967679230848,0.565819770387883,1.7618199231884,-0.998524662843796
124,0.0108317928631972,4.96144319755712e-05,7.41137365440512e-05,0.981967788156646,0.565818841910895,1.76182065292959,-0.998524138495331
125,0.0104446714104679,4.78412538587634e-05,7.14649738639588e-05,0.981967893189525,0.565817946619153,1.76182135659029,-0.998523632887161
126,0.0100713876290002,4.61314573304155e-05,6.89108902149774e-05,0.98196799446864,0.565817083326304,1.76182203510275,-0.998523145349384
127,0.00971144673665823,4.44827761590318e-05,6.64481003142842e-05,0.981968092128165,0.565816250888425,1.76182268936588,-0.998522675236055
128,0.00936437165363914,4.28930251906819e-05,6.40733399924675e-05,0.981968186297477,0.565815448202504,1.76182332024646,-0.998522221924325
129,0.00902970236835574,4.1360097445262e-05,6.17834618552276e-05,0.98196827710133,0.565814674204975,1.76182392858027,-0.998521784813617
130,0.00870699532607512,3.98819613165305e-05,5.95754311015294e-05,0.981968364660015,0.565813927870307,1.7618245151732,-0.998521363324829
131,0.00839582283954964,3.84566578726907e-05,5.74463214911464e-05,0.981968449089523,0.565813208209643,1.76182508080235,-0.998520956899564
132,0.00809577252075509,3.70822982542999e-05,5.53933114571507e-05,0.981968530501699,0.565812514269486,1.76182562621701,-0.998520564999392
133,0.00780644673302839,3.57570611650525e-05,5.34136803583036e-05,0.98196860900439,0.565811845130434,1.76182615213971,-0.998520187105133
134,0.00752746206290497,3.44791904528239e-05,5.15048048650739e-05,0.981968684701584,0.565811199905964,1.76182665926713,-0.99851982271617
135,0.00725844881084549,3.32469927771917e-05,4.96641554761695e-05,0.981968757693555,0.56581057774125,1.76182714827105,-0.998519471349784
136,0.0069990505002793,3.20588353613945e-05,4.78892931592592e-05,0.98196882807699,0.56580997781203,1.76182761979921,-0.998519132540515
137,0.00674892340423103,3.09131438237156e-05,4.61778661126393e-05,0.981968895945122,0.565809399323516,1.76182807447625,-0.998518805839542
138,0.0065077360889251,2.98084000877899e-05,4.45276066432087e-05,0.98196896138785,0.565808841509337,1.76182851290441,-0.998518490814092
139,0.00627516897376871,2.87431403669435e-05,4.29363281550596e-05,0.981969024491856,0.56580830363052,1.76182893566446,-0.998518187046863
140,0.0060509139070929,2.77159532215062e-05,4.14019222485234e-05,0.98196908534073,0.565807784974516,1.76182934331638,-0.998517894135469
141,0.00583467375712345,2.67254776851172e-05,3.99223559200507e-05,0.981969144015068,0.565807284854249,1.76182973640013,-0.998517611691913
142,0.00562616201757692,2.57704014586783e-05,3.84956688653443e-05,0.981969200592588,0.565806802607207,1.76183011543639,-0.998517339342064
143,0.00542510242745425,2.4849459168706e-05,3.71199708773186e-05,0.981969255148229,0.565806337594565,1.76183048092719,-0.99851707672517
144,0.00523122860439161,2.39614306884449e-05,3.57934393377941e-05,0.981969307754251,0.565805889200334,1.76183083335666,-0.99851682349337
145,0.00504428369118342,2.31051395185827e-05,3.45143167995236e-05,0.981969358480333,0.56580545683055,1.76183117319159,-0.998516579311241
146,0.00486402001497847,2.22794512265414e-05,3.32809086538304e-05,0.981969407393661,0.565805039912478,1.76183150088211,-0.99851634385535
147,0.0046901987586596,2.14832719414496e-05,3.20915808832254e-05,0.981969454559021,0.565804637893862,1.76183181686223,-0.998516116813824
148,0.00452258964402759,2.07155469029309e-05,3.09447578928099e-05,0.981969500038881,0.565804250242184,1.76183212155048,-0.99851589788594
149,0.00436097062630061,1.99752590618724e-05,2.98389204211022e-05,0.98196954389348,0.565803876443965,1.7618324153504,-0.998515686781722
150,0.00420512759956335,1.92614277316415e-05,2.87726035242114e-05,0.981969586180901,0.565803516004081,1.76183269865113,-0.998515483221562
151,0.00405485411279199,1.85731072870384e-05,2.77443946330803e-05,0.981969626957151,0.565803168445105,1.76183297182789,-0.998515286935843
152,0.00390995109602856,1.79093859105537e-05,2.67529316801358e-05,0.981969666276237,0.56580283330668,1.76183323524249,-0.998515097664588
153,0.00377022659632705,1.72693843826024e-05,2.57969012926501e-05,0.981969704190235,0.5658025101449,1.7618334892438,-0.998514915157111
154,0.00363549552323185,1.66522549161425e-05,2.48750370512757e-05,0.981969740749358,0.56580219853173,1.76183373416825,-0.998514739171686
155,0.00350557940328574,1.60571800317227e-05,2.39861178105036e-05,0.981969776002027,0.565801898054434,1.7618339703402,-0.998514569475229
156,0.00338030614338794,1.54833714744631e-05,2.31289660798045e-05,0.98196980999493,0.565801608315028,1.76183419807246,-0.998514405842984
157,0.00325950980259462,1.49300691680337e-05,2.23024464617339e-05,0.981969842773088,0.565801328929755,1.76183441766663,-0.998514248058231
158,0.00314303037209541,1.43965402073712e-05,2.15054641472835e-05,0.981969874379912,0.565801059528575,1.76183462941355,-0.998514095911994
159,0.00303071356305137,1.38820778868655e-05,2.07369634637296e-05,0.981969904857261,0.565800799754672,1.76183483359364,-0.998513949202768
160,0.00292241060205464,1.33860007633018e-05,1.99959264755975e-05,0.9819699342455,0.565800549263987,1.76183503047734,-0.998513807736248
161,0.00281797803388237,1.29076517528066e-05,1.92813716349063e-05,0.981969962583551,0.565800307724756,1.76183522032538,-0.998513671325075
162,0.00271727753132553,1.24463972594708e-05,1.85923524798292e-05,0.981969989908941,0.565800074817074,1.7618354033892,-0.998513539788586
163,0.00262017571180703,1.20016263357186e-05,1.79279563807305e-05,0.981970016257862,0.565799850232469,1.76183557991123,-0.998513412952575
164,0.00252654396058701,1.15727498721646e-05,1.72873033295916e-05,0.981970041665207,0.565799633673497,1.76183575012527,-0.998513290649061
165,0.00243625826025451,1.11591998170895e-05,1.66695447740441e-05,0.981970066164625,0.565799424853342,1.76183591425674,-0.998513172716069
166,0.00234919902638467,1.07604284233696e-05,1.60738624929415e-05,0.981970089788562,0.565799223495441,1.76183607252299,-0.998513058997412
167,0.00226525094898646,1.03759075223371e-05,1.54994675111035e-05,0.981970112568305,0.565799029333114,1.76183622513364,-0.998512949342483
168,0.00218430283970857,1.00051278241737e-05,1.4945599054476e-05,0.981970134534021,0.565798842109214,1.76183637229079,-0.998512843606061
169,0.00210624748445624,9.64759824236695e-06,1.441152354108e-05,0.9819701557148,0.565798661575784,1.76183651418932,-0.998512741648112
170,0.00203098150130533,9.30284524353437e-06,1.38965336094756e-05,0.981970176138693,0.565798487493727,1.76183665101717,-0.998512643333609
171,0.0019584052034997,8.97041221936421e-06,1.33999471810599e-05,0.981970195832747,0.565798319632494,1.76183678295553,-0.998512548532349
172,0.00188842246732846,8.64985888173784e-06,1.29211065562173e-05,0.981970214823044,0.565798157769776,1.76183691017912,-0.998512457118783
173,0.00182094060473893,8.34076067930384e-06,1.24593775424824e-05,0.981970233134732,0.565798001691205,1.76183703285645,-0.998512368971849
174,0.00175587024054184,8.04270823475476e-06,1.20141486146708e-05,0.981970250792061,0.56579785119008,1.76183715114996,-0.998512283974812
175,0.00169312519393669,7.75530680241167e-06,1.15848301042098e-05,0.981970267818417,0.565797706067083,1.76183726521632,-0.998512202015107
176,0.00163262236434591,7.47817574543252e-06,1.11708534177771e-05,0.981970284236347,0.565797566130021,1.76183737520659,-0.998512122984194
177,0.00157428162128215,7.21094803090105e-06,1.07716702841229e-05,0.981970300067592,0.565797431193569,1.76183748126642,-0.998512046777411
178,0.00151802569817986,6.95326974398332e-06,1.03867520273233e-05,0.98197031533312,0.565797301079027,1.76183758353628,-0.998511973293836
179,0.00146378009001248,6.70479961884373e-06,1.00155888665152e-05,0.981970330053144,0.565797175614079,1.76183768215159,-0.998511902436154
180,0.00141147295458731,6.46520858641211e-06,9.65768924040183e-06,0.981970344247159,0.565797054632569,1.76183777724295,-0.998511834110528
181,0.00136103501734045,6.23417933849976e-06,9.31257915584945e-06,0.981970357933961,0.565796937974279,1.7618378689363,-0.998511768226475
182,0.00131239947956778,6.01140590740776e-06,8.97980156025195e-06,0.981970371131678,0.565796825484715,1.76183795735305,-0.998511704696744
183,0.00126550192991232,5.79659326030799e-06,8.65891573525922e-06,0.981970383857785,0.565796717014907,1.7618380426103,-0.998511643437204
184,0.00122028025904033,5.58945690886203e-06,8.34949671410405e-06,0.981970396129135,0.565796612421206,1.76183812482096,-0.998511584366728
185,0.00117667457734412,5.3897225317937e-06,8.05113471722475e-06,0.981970407961977,0.565796511565098,1.76183820409388,-0.998511527407091
186,0.00113462713561016,5.19712561186689e-06,7.7634346103191e-06,0.981970419371985,0.56579641431302,1.76183828053406,-0.998511472482862
187,0.00109408224850061,5.01141108518206e-06,7.48601538053965e-06,0.981970430374267,0.565796320536181,1.76183835424272,-0.998511419521306
188,0.00105498622079459,4.83233300346047e-06,7.21850963196877e-06,0.981970440983392,0.565796230110393,1.76183842531746,-0.998511368452287
189,0.0010172872762368,4.65965420821685e-06,6.96056309843889e-06,0.98197045121341,0.565796142915905,1.76183849385241,-0.998511319208175
190,0.000980935488973634,4.49314601631303e-06,6.71183417479149e-06,0.981970461077869,0.565796058837247,1.76183855993834,-0.998511271723758
191,0.000945882717397772,4.33258791762154e-06,6.47199346402769e-06,0.981970470589831,0.565795977763074,1.76183862366274,-0.998511225936154
192,0.00091208254037393,4.17776728206999e-06,6.24072334090245e-06,0.981970479761893,0.565795899586022,1.76183868511002,-0.998511181784727
193,0.00087949019575258,4.02847907895543e-06,6.01771753162198e-06,0.9819704886062,0.565795824202562,1.76183874436155,-0.99851113921101
194,0.000848062521074864,3.88452560437802e-06,5.80268070736167e-06,0.981970497134465,0.565795751512866,1.76183880149578,-0.998511098158623
195,0.000817757896387076,3.74571622019152e-06,5.5953280939813e-06,0.981970505357982,0.565795681420673,1.76183885658838,-0.998511058573203
196,0.000788536189134476,3.61186710083067e-06,5.39538509416831e-06,0.98197051328764,0.565795613833161,1.7618389097123,-0.998511020402327
197,0.000760358700961863,3.4828009903247e-06,5.20258692364919e-06,0.981970520933942,0.565795548660827,1.7618389609379,-0.998510983595449
198,0.000733188116500485,3.35834696708496e-06,5.01667826119062e-06,0.981970528307011,0.565795485817365,1.76183901033301,-0.998510948103827
199,0.00070698845389129,3.23834021788486e-06,4.83741290955227e-06,0.981970535416611,0.565795425219554,1.76183905796303,-0.99851091388046
200,0.000681725017167831,3.12262181915319e-06,4.66455346978563e-06,0.981970542272158,0.565795366787146,1.76183910389106,-0.998510880880028
201,0.000657364350270395,3.011038526882e-06,4.49787102690339e-06,0.981970548882729,0.565795310442762,1.76183914817789,-0.998510849058831
202,0.000633874192750878,2.90344257342323e-06,4.33714484630175e-06,0.981970555257081,0.565795256111787,1.76183919088219,-0.998510818374729
203,0.000611223437019749,2.79969147159722e-06,4.18216208200589e-06,0.981970561403651,0.565795203722273,1.7618392320605,-0.998510788787089
204,0.000589382087167986,2.69964782656288e-06,4.03271749365355e-06,0.981970567330581,0.565795153204843,1.76183927176735,-0.99851076025673
205,0.000568321219222967,2.6031791529382e-06,3.88861317621224e-06,0.981970573045721,0.5657951044926,1.76183931005533,-0.998510732745871
206,0.000548012942848229,2.51015770027102e-06,3.74965829638917e-06,0.981970578556636,0.565795057521036,1.76183934697513,-0.99851070621808
207,0.00052843036438342,2.4204602832021e-06,3.61566884059845e-06,0.981970583870625,0.565795012227949,1.76183938257564,-0.998510680638228
208,0.000509547551249006,2.33396811849596e-06,3.48646737136245e-06,0.981970588994726,0.56579496855336,1.76183941690402,-0.998510655972443
209,0.000491339497586212,2.25056666772466e-06,3.36188279176958e-06,0.981970593935724,0.565794926439433,1.76183945000571,-0.99851063218806
210,0.000473782091127566,2.17014548566353e-06,3.24175011938294e-06,0.98197059870016,0.5657948858304,1.76183948192455,-0.998510609253583
211,0.00045685208129521,2.09259807374901e-06,3.12591026743772e-06,0.981970603294346,0.565794846672483,1.76183951270282,-0.998510587138641
212,0.000440527048359462,2.01782173939764e-06,3.01420983421685e-06,0.981970607724364,0.565794808913829,1.76183954238126,-0.99851056581395
213,0.000424785373793312,1.94571745955067e-06,2.9065008998106e-06,0.981970611996081,0.565794772504436,1.76183957099918,-0.998510545251271
214,0.000409606211602516,1.87618974999282e-06,2.80264083047694e-06,0.981970616115154,0.565794737396089,1.76183959859447,-0.998510525423373
215,0.00039496946074348,1.80914653864298e-06,2.70249208927127e-06,0.981970620087037,0.565794703542296,1.76183962520369,-0.998510506304
216,0.000380855738474945,1.74449904344803e-06,2.60592205440555e-06,0.98197062391699,0.565794670898228,1.76183965086205,-0.998510487867833
217,0.000367246354714731,1.6821616551734e-06,2.51280284317607e-06,0.981970627610085,0.565794639420656,1.76183967560355,-0.99851047009046
218,0.000354123287272705,1.6220518238048e-06,2.42301114290521e-06,0.981970631171212,0.565794609067895,1.76183969946095,-0.998510452948338
219,0.000341469157977736,1.56408994922903e-06,2.3364280474572e-06,0.981970634605087,0.565794579799753,1.76183972246583,-0.998510436418768
220,0.000329267209671106,1.5081992759286e-06,2.25293889974219e-06,0.981970637916257,0.565794551577471,1.76183974464866,-0.99851042047986
221,0.000317501284017429,1.45430579100979e-06,2.17243314001502e-06,0.981970641109106,0.565794524363677,1.76183976603882,-0.998510405110509
222,0.000306155800090728,1.40233812679043e-06,2.09480415941112e-06,0.981970644187863,0.565794498122333,1.76183978666463,-0.998510390290361
223,0.000295215733748503,1.35222746548944e-06,2.01994915853955e-06,0.981970647156605,0.56579447281869,1.7618398065534,-0.998510375999791
224,0.00028466659773668,1.30390744887073e-06,1.94776901182218e-06,0.981970650019264,0.56579444841924,1.76183982573148,-0.998510362219876
225,0.000274494422499095,1.25731408975327e-06,1.87816813550932e-06,0.981970652779629,0.565794424891673,1.76183984422425,-0.998510348932368
226,0.000264685737681262,1.2123856876885e-06,1.81105436191806e-06,0.981970655441356,0.565794402204833,1.76183986205621,-0.998510336119671
227,0.000255227554283789,1.16906274688113e-06,1.7463388166137e-06,0.98197065800797,0.565794380328677,1.76183987925097,-0.998510323764819
228,0.00024610734746198,1.12728789782109e-06,1.68393580131588e-06,0.981970660482869,0.565794359234237,1.7618398958313,-0.99851031185145
229,0.000237313039952143,1.08700582091659e-06,1.62376267993937e-06,0.981970662869332,0.565794338893579,1.76183991181915,-0.99851030036379
230,0.000228832986056025,1.04816317339506e-06,1.56573976949766e-06,0.981970665170517,0.565794319279766,1.7618399272357,-0.998510289286626
231,0.000220655956231433,1.01070851871721e-06,1.50979023432738e-06,0.981970667389473,0.565794300366828,1.76183994210136,-0.998510278605289
232,0.000212771122222707,9.74592258511517e-07,1.45583998452228e-06,0.981970669529138,0.565794282129718,1.76183995643581,-0.998510268305634
233,0.000205168042713487,9.39766566433099e-07,1.4038175777003e-06,0.981970671592344,0.565794264544286,1.76183997025804,-0.998510258374024
234,0.00019783664949632,9.06185325536442e-07,1.35365412445448e-06,0.981970673581825,0.565794247587246,1.76183998358636,-0.998510248797306
235,0.000190767234161271,8.7380406675482e-07,1.30528319711925e-06,0.981970675500214,0.565794231236142,1.76183999643841,-0.998510239562799
236,0.000183950435200647,8.4257990990435e-07,1.2586407416562e-06,0.981970677350053,0.565794215469323,1.7618400088312,-0.998510230658274
237,0.000177377225651616,8.12471507394333e-07,1.21366499314421e-06,0.981970679133789,0.56579420026591,1.76184002078116,-0.99851022207194
238,0.000171038901113173,7.83438988752769e-07,1.17029639360068e-06,0.981970680853788,0.565794185605769,1.7618400323041,-0.998510213792426
239,0.000164927068237753,7.5544390878463e-07,1.12847751342939e-06,0.981970682512324,0.565794171469489,1.76184004341529,-0.998510205808769
240,0.000159033633597426,7.28449195578736e-07,1.0881529751899e-06,0.981970684111595,0.565794157838349,1.76184005412944,-0.998510198110397
241,0.000153350792986423,7.02419102366324e-07,1.04926938027157e-06,0.981970685653717,0.565794144694299,1.76184006446073,-0.998510190687116
242,0.000147871021072538,6.77319159395977e-07,1.0117752383393e-06,0.981970687140735,0.565794132019932,1.76184007442284,-0.998510183529095
243,0.000142587061434076,6.53116129056788e-07,9.75620898834384e-07,0.981970688574616,0.565794119798467,1.76184008402898,-0.998510176626855
244,0.000137491916952182,6.29777961151003e-07,9.40758485620278e-07,0.98197068995726,0.565794108013719,1.76184009329185,-0.998510169971258
245,0.000132578840541382,6.07273750823964e-07,9.07141833253318e-07,0.981970691290496,0.565794096650082,1.76184010222372,-0.998510163553488
246,0.000127841326224151,5.85573697721473e-07,8.74726425976255e-07,0.981970692576091,0.565794085692509,1.76184011083643,-0.998510157365049
247,0.000123273100499021,5.6464906617701e-07,8.43469338699621e-07,0.981970693815748,0.565794075126489,1.76184011914138,-0.998510151397744
248,0.00011886811404678,5.44472147578936e-07,8.13329180486709e-07,0.981970695011107,0.565794064938031,1.76184012714956,-0.998510145643673
249,0.000114620533718652,5.25016223177552e-07,7.84266039043027e-07,0.981970696163751,0.565794055113642,1.76184013487158,-0.998510140095215
250,0.000110524734804494,5.06255529345803e-07,7.56241428761354e-07,0.981970697275208,0.565794045640315,1.76184014231767,-0.998510134745023
251,0.000106575293577984,4.88165222743632e-07,7.29218238860911e-07,0.981970698346948,0.565794036505503,1.76184014949768,-0.998510129586013
252,0.000102766980139647,4.70721348021281e-07,7.03160684948764e-07,0.981970699380392,0.565794027697111,1.76184015642112,-0.998510124611352
253,9.90947514716484e-05,4.5390080575026e-07,6.78034261287992e-07,0.981970700376906,0.565794019203474,1.76184016309716,-0.998510119814454
254,9.55537447507469e-05,4.37681321972793e-07,6.5380569514619e-07,0.981970701337812,0.565794011013345,1.76184016953465,-0.998510115188966
255,9.21392709370004e-05,4.22041418555289e-07,6.30442902539811e-07,0.981970702264381,0.565794003115878,1.7618401757421,-0.998510110728763
256,8.88468085386733e-05,4.06960385065293e-07,6.07914946532406e-07,0.981970703157841,0.565793995500616,1.76184018172774,-0.998510106427939
257,8.56719976433821e-05,3.92418250987664e-07,5.86191995182784e-07,0.981970704019373,0.565793988157474,1.76184018749948,-0.998510102280798
258,8.26106341172989e-05,3.78395759428123e-07,5.65245282569522e-07,0.981970704850121,0.565793981076729,1.76184019306499,-0.99851009828185
259,7.9658664080371e-05,3.64874341673917e-07,5.45047071073343e-07,0.981970705651183,0.565793974249004,1.76184019843162,-0.998510094425798
260,7.68121784972908e-05,3.51836092526738e-07,5.25570613799522e-07,0.98197070642362,0.565793967665258,1.76184020360648,-0.998510090707537
261,7.40674080229802e-05,3.39263746649772e-07,5.06790120047e-07,0.981970707168455,0.565793961316773,1.76184020859642,-0.998510087122142
262,7.14207179987216e-05,3.27140655508925e-07,4.88680720263783e-07,0.981970707886674,0.565793955195141,1.76184021340806,-0.998510083664866
263,6.88686036626819e-05,3.15450765655071e-07,4.71218433969625e-07,0.98197070857923,0.565793949292257,1.76184021804776,-0.998510080331131
264,6.64076854736354e-05,3.04178597271103e-07,4.54380137417038e-07,0.981970709247038,0.565793943600304,1.76184022252166,-0.998510077116522
265,6.40347046653982e-05,2.93309223646047e-07,4.38143533215798e-07,0.981970709890982,0.565793938111745,1.7618402268357,-0.998510074016782
266,6.17465189080683e-05,2.82828251308811e-07,4.22487120611877e-07,0.981970710511916,0.565793932819312,1.76184023099558,-0.998510071027807
267,5.95400981722884e-05,2.72721801455283e-07,4.07390167299255e-07,0.981970711110662,0.565793927715995,1.76184023500682,-0.998510068145638
268,5.74125206987675e-05,2.62976491005965e-07,3.92832681782859e-07,0.981970711688012,0.565793922795038,1.76184023887471,-0.99851006536646
269,5.53609691300314e-05,2.5357941504312e-07,3.78795387020057e-07,0.981970712244732,0.565793918049925,1.7618402426044,-0.998510062686591
270,5.33827267879554e-05,2.44518130046494e-07,3.65259694555881e-07,0.981970712781559,0.565793913474371,1.76184024620081,-0.998510060102484
271,5.14751740632656e-05,2.35780636860889e-07,3.52207680398199e-07,0.981970713299202,0.565793909062317,1.76184024966871,-0.998510057610715
272,4.96357849673932e-05,2.27355365286396e-07,3.39622061036791e-07,0.981970713798349,0.565793904807922,1.76184025301269,-0.998510055207987
273,4.78621237661456e-05,2.19231158506265e-07,3.27486170381743e-07,0.981970714279659,0.565793900705552,1.76184025623717,-0.998510052891116
274,4.61518417610766e-05,2.11397258407346e-07,3.15783938172529e-07,0.98197071474377,0.565793896749773,1.76184025934644,-0.998510050657036
275,4.45026741938024e-05,2.03843291377433e-07,3.04499868049183e-07,0.981970715191297,0.565793892935349,1.76184026234459,-0.998510048502787
276,4.29124372208653e-05,1.965592542455e-07,2.93619017754563e-07,0.981970715622832,0.565793889257228,1.76184026523562,-0.998510046425516
277,4.13790250404597e-05,1.89535501513424e-07,2.83126978676893e-07,0.981970716038947,0.565793885710538,1.76184026802334,-0.998510044422474
278,3.9900407102437e-05,1.8276273233396e-07,2.73009857291314e-07,0.981970716440193,0.565793882290585,1.76184027071144,-0.998510042491008
279,3.8474625409088e-05,1.762319780976e-07,2.63254256358802e-07,0.9819707168271,0.565793878992838,1.76184027330349,-0.99851004062856
280,3.70997919331615e-05,1.69934590743961e-07,2.53847257486967e-07,0.981970717200183,0.565793875812931,1.76184027580291,-0.998510038832664
281,3.57740861113223e-05,1.63862231369034e-07,2.44776403977308e-07,0.981970717559933,0.565793872746654,1.76184027821302,-0.998510037100941
282,3.44957524397177e-05,1.58006858735106e-07,2.36029684005087e-07,0.98197071790683,0.565793869789946,1.76184028053701,-0.998510035431099
283,3.32630981424929e-05,1.52360719239316e-07,2.27595515153031e-07,0.981970718241328,0.565793866938891,1.76184028277796,-0.998510033820926
284,3.20744909289384e-05,1.46916336208703e-07,2.19462728956741e-07,0.981970718563875,0.565793864189714,1.76184028493882,-0.99851003226829
285,3.09283568451722e-05,1.41666500224825e-07,2.11620555869713e-07,0.981970718874897,0.565793861538775,1.76184028702248,-0.998510030771136
286,2.98231781723876e-05,1.36604259368793e-07,2.04058611328308e-07,0.981970719174804,0.565793858982564,1.76184028903167,-0.998510029327479
287,2.87574914284366e-05,1.31722910192383e-07,1.9676688154427e-07,0.981970719463994,0.565793856517695,1.76184029096907,-0.99851002793541
288,2.77298854218862e-05,1.270159887895e-07,1.89735711077561e-07,0.981970719742851,0.565793854140904,1.76184029283725,-0.998510026593085
289,2.67389993981941e-05,1.22477262276791e-07,1.82955789052837e-07,0.981970720011743,0.565793851849044,1.76184029463866,-0.998510025298725
290,2.5783521221555e-05,1.18100720453788e-07,1.76418137419764e-07,0.981970720271027,0.565793849639081,1.7618402963757,-0.998510024050618
291,2.48621856430115e-05,1.13880567823129e-07,1.70114099187858e-07,0.981970720521045,0.565793847508087,1.76184029805068,-0.998510022847109
292,2.39737726286896e-05,1.09811216183591e-07,1.64035326405604e-07,0.98197072076213,0.565793845453242,1.7618402996658,-0.998510021686607
293,2.31171057300565e-05,1.058872766694e-07,1.58173769493656e-07,0.9819707209946,0.565793843471822,1.7618403012232,-0.998510020567573
294,2.22910505596927e-05,1.02103553373049e-07,1.52521666645516e-07,0.981970721218763,0.565793841561207,1.76184030272496,-0.998510019488526
295,2.14945132378272e-05,9.8455035818385e-08,1.47071533307863e-07,0.981970721434915,0.565793839718864,1.76184030417305,-0.998510018448037
296,2.07264389951872e-05,9.49368925614257e-08,1.41816152378887e-07,0.981970721643344,0.565793837942354,1.7618403055694,-0.998510017444729
297,1.99858107438732e-05,9.1544464960325e-08,1.36748564648565e-07,0.981970721844325,0.565793836229326,1.76184030691585,-0.998510016477272
298,1.92716477423805e-05,8.82732607269773e-08,1.31862059612404e-07,0.981970722038125,0.56579383457751,1.76184030821418,-0.998510015544386
299,1.85830042925906e-05,8.51189480788828e-08,1.27150166603316e-07,0.981970722224998,0.565793832984719,1.76184030946613,-0.998510014644835
300,1.79189684945056e-05,8.2077350096277e-08,1.22606646064905e-07,0.981970722405194,0.565793831448844,1.76184031067333,-0.998510013777428
301,1.72786610258078e-05,7.91444390993475e-08,1.18225481506254e-07,0.981970722578952,0.565793829967851,1.7618403118374,-0.998510012941017
302,1.66612339900447e-05,7.63163312897357e-08,1.1400087122878e-07,0.9819707227465,0.56579382853978,1.76184031295987,-0.998510012134494
303,1.60658697855713e-05,7.35892816977988e-08,1.09927221200805e-07,0.981970722908062,0.565793827162738,1.76184031404224,-0.99851001135679
304,1.54917800365303e-05,7.09596792157721e-08,1.0599913690537e-07,0.981970723063849,0.565793825834903,1.76184031508592,-0.998510010606877
305,1.49382045276614e-05,6.84240415150156e-08,1.022114169094e-07,0.981970723214071,0.565793824554516,1.76184031609231,-0.99851000988376
306,1.44044102140474e-05,6.59790111903992e-08,9.85590452911174e-08,0.981970723358924,0.565793823319882,1.76184031706274,-0.998510009186483
307,1.38896902422086e-05,6.36213502625784e-08,9.50371859148155e-08,0.981970723498602,0.565793822129365,1.7618403179985,-0.998510008514123
308,1.33933630167321e-05,6.13479369227076e-08,9.16411747519901e-08,0.981970723633288,0.56579382098139,1.76184031890081,-0.998510007865788
309,1.29147713030339e-05,5.91557604670612e-08,8.83665150196525e-08,0.981970723763161,0.565793819874436,1.76184031977088,-0.99851000724062
310,1.24532813517071e-05,5.70419182843723e-08,8.52088703627039e-08,0.981970723888393,0.565793818807038,1.76184032060986,-0.998510006637792
311,1.20082820546781e-05,5.50036110778405e-08,8.2164059464299e-08,0.98197072400915,0.565793817777781,1.76184032141887,-0.998510006056505
312,1.15791841413589e-05,5.30381396652169e-08,7.92280503079853e-08,0.981970724125593,0.565793816785303,1.76184032219896,-0.998510005495989
313,1.11654193979548e-05,5.11429014952222e-08,7.63969549540257e-08,0.981970724237874,0.56579381582829,1.76184032295118,-0.998510004955503
314,1.07664399186206e-05,4.93153868005829e-08,7.36670246345475e-08,0.981970724346144,0.565793814905475,1.76184032367652,-0.99851000443433
315,1.03817173718705e-05,4.75531755368724e-08,7.10346442876932e-08,0.981970724450544,0.565793814015635,1.76184032437593,-0.99851000393178
316,1.00107423122743e-05,4.58539343796299e-08,6.84963281398627e-08,0.981970724551214,0.565793813157591,1.76184032505036,-0.998510003447188
317,9.65302349018927e-06,4.42154129940243e-08,6.60487148121067e-08,0.981970724648286,0.565793812330209,1.76184032570069,-0.998510002979913
318,9.30808721409072e-06,4.26354417010976e-08,6.36885633609979e-08,0.98197072474189,0.565793811532392,1.76184032632778,-0.998510002529334
319,8.97547671633016e-06,4.11119283563655e-08,6.14127483177661e-08,0.98197072483215,0.565793810763084,1.76184032693246,-0.998510002094857
320,8.65475155907876e-06,3.96428553954382e-08,5.92182562006476e-08,0.981970724919183,0.565793810021266,1.76184032751553,-0.998510001675905
321,8.34548703285295e-06,3.82262776660503e-08,5.71021809160093e-08,0.981970725003107,0.565793809305956,1.76184032807777,-0.998510001271923
322,8.04727361123407e-06,3.68603191114991e-08,5.50617203496597e-08,0.981970725084031,0.565793808616206,1.76184032861992,-0.998510000882378
323,7.75971640186721e-06,3.55431711211914e-08,5.30941727097834e-08,0.981970725162065,0.565793807951103,1.76184032914269,-0.998510000506752
324,7.48243461106417e-06,3.42730893412439e-08,5.11969323522729e-08,0.98197072523731,0.565793807309767,1.76184032964679,-0.998510000144548
325,7.21506107457004e-06,3.30483921840575e-08,4.93674870005051e-08,0.981970725309866,0.565793806691348,1.76184033013287,-0.998509999795287
326,6.95724172657618e-06,3.18674575787319e-08,4.76034142324529e-08,0.981970725379829,0.565793806095027,1.76184033060158,-0.998509999458507
327,6.70863516632295e-06,3.07287219613011e-08,4.59023778594154e-08,0.981970725447292,0.565793805520015,1.76184033105354,-0.998509999133761
328,6.46891219074829e-06,2.96306773600846e-08,4.42621255059707e-08,0.981970725512345,0.56579380496555,1.76184033148935,-0.998509998820619
329,6.23775535043426e-06,2.85718696868403e-08,4.26804850975264e-08,0.981970725575073,0.565793804430898,1.76184033190959,-0.998509998518667
330,6.01485856068021e-06,2.75508970119789e-08,4.11553622334374e-08,0.981970725635559,0.565793803915352,1.76184033231482,-0.998509998227504
331,5.79992664746327e-06,2.65664071587397e-08,3.96847373661757e-08,0.981970725693884,0.565793803418227,1.76184033270556,-0.998509997946746
332,5.592675002061e-06,2.56170966527397e-08,3.82666630387864e-08,0.981970725750125,0.565793802938866,1.76184033308234,-0.998509997676021
333,5.39282918479407e-06,2.47017082508661e-08,3.68992615050075e-08,0.981970725804357,0.565793802476635,1.76184033344565,-0.998509997414969
334,5.20012455657801e-06,2.38190299286974e-08,3.55807219573143e-08,0.981970725856651,0.56579380203092,1.76184033379599,-0.998509997163246
335,5.01430593850394e-06,2.29678928009307e-08,3.43092983928779e-08,0.981970725907075,0.565793801601133,1.7618403341338,-0.998509996920517
336,4.83512727011893e-06,2.21471697092155e-08,3.30833073980238e-08,0.981970725955697,0.565793801186704,1.76184033445955,-0.998509996686462
337,4.66235128421868e-06,2.13557739727207e-08,3.19011252252442e-08,0.981970726002583,0.565793800787083,1.76184033477365,-0.998509996460771
338,4.49574918709336e-06,2.05926576064644e-08,3.07611866023424e-08,0.981970726047793,0.565793800401742,1.76184033507653,-0.998509996243145
339,4.33510036098786e-06,1.98568100224611e-08,2.96619819081464e-08,0.981970726091388,0.565793800030171,1.76184033536859,-0.998509996033295
340,4.1801920825269e-06,1.91472568241938e-08,2.86020557016038e-08,0.981970726133424,0.565793799671878,1.76184033565021,-0.998509995830943
341,4.03081921549939e-06,1.84630584226943e-08,2.75800043549799e-08,0.981970726173959,0.565793799326387,1.76184033592177,-0.998509995635823
342,3.88678396823883e-06,1.78033088889633e-08,2.65944744642804e-08,0.981970726213046,0.565793798993242,1.76184033618362,-0.998509995447674
343,3.74789560141032e-06,1.71671345201793e-08,2.56441610055696e-08,0.981970726250734,0.565793798672002,1.76184033643612,-0.998509995266249
344,3.61397019987313e-06,1.655369277059e-08,2.47278055961952e-08,0.981970726287077,0.56579379836224,1.76184033667959,-0.998509995091307
345,3.48483042119713e-06,1.59621714859667e-08,2.38441946432983e-08,0.981970726322122,0.565793798063548,1.76184033691437,-0.998509994922617
346,3.36030525939736e-06,1.53917874520919e-08,2.29921583668934e-08,0.981970726355914,0.565793797775528,1.76184033714075,-0.998509994759954
347,3.24022981585146e-06,1.48417850384786e-08,2.21705682551561e-08,0.981970726388498,0.565793797497801,1.76184033735905,-0.998509994603103
348,3.12444508880028e-06,1.43114362995253e-08,2.13783363813177e-08,0.981970726419918,0.565793797229998,1.76184033756954,-0.998509994451858
349,3.01279775379769e-06,1.38000386449348e-08,2.06144137782736e-08,0.981970726450215,0.565793796971764,1.76184033777251,-0.998509994306017
350,2.9051399631966e-06,1.33069151091884e-08,1.98777887496166e-08,0.98197072647943,0.565793796722758,1.76184033796823,-0.998509994165387
351,2.80132917188568e-06,1.28314125411942e-08,1.91674859471085e-08,0.9819707265076,0.56579379648265,1.76184033815696,-0.998509994029783
352,2.70122789583753e-06,1.2372901362924e-08,1.84825647705461e-08,0.981970726534764,0.565793796251122,1.76184033833894,-0.998509993899024
353,2.60470358939824e-06,1.19307743701792e-08,1.78221181628919e-08,0.981970726560958,0.565793796027867,1.76184033851442,-0.998509993772937
354,2.51162843313476e-06,1.15044461235821e-08,1.71852716062643e-08,0.981970726586215,0.565793795812589,1.76184033868363,-0.998509993651357
355,2.42187917829488e-06,1.10933521464699e-08,1.65711818879166e-08,0.981970726610569,0.565793795605005,1.76184033884679,-0.99850999353412
356,2.33533697895698e-06,1.06969478324409e-08,1.59790357252833e-08,0.981970726634055,0.565793795404838,1.76184033900413,-0.998509993421073
357,2.25188723490108e-06,1.03147086541833e-08,1.54080489031319e-08,0.9819707266567,0.565793795211824,1.76184033915584,-0.998509993312066
358,2.17141943874317e-06,9.94612804219168e-09,1.48574655748411e-08,0.981970726678536,0.565793795025706,1.76184033930213,-0.998509993206953
359,2.09382703828269e-06,9.59071817930787e-09,1.43265563911706e-08,0.981970726699592,0.56579379484624,1.76184033944319,-0.998509993105597
360,2.01900728817149e-06,9.2480082465719e-09,1.38146185473206e-08,0.981970726719896,0.565793794673186,1.76184033957921,-0.998509993007863
361,1.94686110875015e-06,8.91754471431466e-09,1.33209739576163e-08,0.981970726739473,0.565793794506317,1.76184033971037,-0.998509992913621
362,1.87729296250209e-06,8.5988896669774e-09,1.28449690789896e-08,0.981970726758352,0.56579379434541,1.76184033983684,-0.998509992822746
363,1.81021072881373e-06,8.29162131113291e-09,1.23859734403026e-08,0.981970726776555,0.565793794190252,1.7618403399588,-0.998509992735119
364,1.7455255770426e-06,7.99533274059605e-09,1.19433793664406e-08,0.981970726794108,0.565793794040639,1.7618403400764,-0.998509992650623
365,1.68315185546744e-06,7.70963156344936e-09,1.15166007509537e-08,0.981970726811035,0.565793793896373,1.76184034018979,-0.998509992569146
366,1.62300696155623e-06,7.43413953747006e-09,1.1105072380512e-08,0.981970726827356,0.565793793757261,1.76184034029913,-0.998509992490581
367,1.56501125668318e-06,7.16849175731127e-09,1.07082493452149e-08,0.981970726843094,0.565793793623121,1.76184034040457,-0.998509992414823
368,1.50908794103487e-06,6.91233653559446e-09,1.0325606244146e-08,0.98197072685827,0.565793793493773,1.76184034050624,-0.998509992341773
369,1.45516296197529e-06,6.66533459930241e-09,9.95663627156956e-09,0.981970726872903,0.565793793369048,1.76184034060427,-0.998509992271332
370,1.40316490571248e-06,6.4271589516566e-09,9.60085087582701e-09,0.981970726887014,0.56579379324878,1.7618403406988,-0.998509992203409
371,1.35302492543096e-06,6.19749406665291e-09,9.25777900070696e-09,0.98197072690062,0.565793793132809,1.76184034078996,-0.998509992137913
372,1.30467661952248e-06,5.97603598930783e-09,8.92696615648363e-09,0.98197072691374,0.565793793020982,1.76184034087785,-0.998509992074757
373,1.25805596943604e-06,5.76249141157255e-09,8.60797456361645e-09,0.981970726926391,0.565793792913151,1.76184034096261,-0.998509992013858
374,1.2131012366736e-06,5.55657740766382e-09,8.30038150738841e-09,0.981970726938591,0.565793792809174,1.76184034104433,-0.998509991955136
375,1.16975289349389e-06,5.35802148298093e-09,8.00377992370262e-09,0.981970726950354,0.565793792708912,1.76184034112314,-0.998509991898511
376,1.12795354028271e-06,5.16656074130661e-09,7.71777693000909e-09,0.981970726961696,0.565793792612232,1.76184034119913,-0.99850999184391
377,1.08764782119049e-06,4.98194143153605e-09,7.44199383380061e-09,0.981970726972634,0.565793792519007,1.76184034127241,-0.99850999179126
378,1.04878236463603e-06,4.80391928197568e-09,7.17606538476923e-09,0.981970726983181,0.565793792429114,1.76184034134306,-0.998509991740491
379,1.01130571049872e-06,4.63225848114967e-09,6.91963951380991e-09,0.981970726993351,0.565793792342433,1.7618403414112,-0.998509991691537
380,9.75168227428216e-07,4.46673168446239e-09,6.67237664348205e-09,0.981970727003157,0.565793792258849,1.76184034147689,-0.998509991644332
381,9.40322061393428e-07,4.3071197729477e-09,6.43394935425573e-09,0.981970727012614,0.565793792178252,1.76184034154024,-0.998509991598813
382,9.06721071715382e-07,4.15321135871818e-09,6.20404182740981e-09,0.981970727021732,0.565793792100535,1.76184034160133,-0.998509991554922
383,8.74320762732127e-07,4.00480266100588e-09,5.98234980211435e-09,0.981970727030524,0.565793792025595,1.76184034166023,-0.998509991512598
384,8.43078227667636e-07,3.86169703070046e-09,5.76857950989012e-09,0.981970727039002,0.565793791953333,1.76184034171703,-0.998509991471787
385,8.12952100901611e-07,3.7237050929587e-09,5.56244809329879e-09,0.981970727047177,0.565793791883653,1.7618403417718,-0.998509991432435
386,7.83902482362043e-07,3.59064415400304e-09,5.36368232280018e-09,0.98197072705506,0.565793791816463,1.76184034182461,-0.998509991394488
387,7.55890910756362e-07,3.46233788982202e-09,5.17201928079183e-09,0.981970727062661,0.565793791751674,1.76184034187554,-0.998509991357898
388,7.28880290950299e-07,3.338616452128e-09,4.98720495244502e-09,0.981970727069992,0.5657937916892,1.76184034192464,-0.998509991322615
389,7.02834852132554e-07,3.21931609800228e-09,4.80899474172202e-09,0.98197072707706,0.565793791628958,1.76184034197199,-0.998509991288592
390,6.77720110470169e-07,3.10427862758157e-09,4.63715258189538e-09,0.981970727083875,0.565793791570869,1.76184034201765,-0.998509991255786
391,6.53502801692747e-07,2.99335190586484e-09,4.47145081573076e-09,0.981970727090446,0.565793791514856,1.76184034206168,-0.998509991224152
392,6.30150866715529e-07,2.88638902899127e-09,4.31167037108847e-09,0.981970727096783,0.565793791460844,1.76184034210413,-0.998509991193648
393,6.07633377305995e-07,2.78324825444627e-09,4.15759932237767e-09,0.981970727102893,0.565793791408763,1.76184034214507,-0.998509991164234
394,5.85920515333e-07,2.68379308948609e-09,4.00903377889169e-09,0.981970727108785,0.565793791358542,1.76184034218454,-0.998509991135871
395,5.64983529508127e-07,2.58789181119198e-09,3.86577696640396e-09,0.981970727114468,0.565793791310116,1.7618403422226,-0.998509991108522
396,5.44794695304966e-07,2.49541735730799e-09,3.7276392919061e-09,0.981970727119945,0.565793791263421,1.76184034225931,-0.99850999108215
397,5.25327279349346e-07,2.40624740627646e-09,3.59443772911763e-09,0.981970727125228,0.565793791218393,1.7618403422947,-0.99850999105672
398,5.06555502324928e-07,2.3202638161725e-09,3.4659959536901e-09,0.981970727130323,0.565793791174976,1.76184034232882,-0.998509991032199
399,4.88454505037479e-07,2.23735263511117e-09,3.34214378427219e-09,0.981970727135235,0.565793791133109,1.76184034236173,-0.998509991008555
400,4.71000318279251e-07,2.15740421075652e-09,3.22271730026457e-09,0.981970727139972,0.565793791092739,1.76184034239346,-0.998509990985755
401,4.54169834429076e-07,2.08031267728546e-09,3.10755838112858e-09,0.981970727144538,0.565793791053811,1.76184034242406,-0.99850999096377
402,4.37940762043428e-07,2.00597578039507e-09,2.99651449888316e-09,0.981970727148942,0.565793791016274,1.76184034245356,-0.99850999094257
403,4.22291609219226e-07,1.93429533955162e-09,2.88943856384761e-09,0.981970727153189,0.565793790980078,1.76184034248201,-0.998509990922128
404,4.07201656659618e-07,1.8651761554241e-09,2.78618882296115e-09,0.981970727157284,0.565793790945176,1.76184034250945,-0.998509990902417
405,3.92650918781876e-07,1.79852693577232e-09,2.68662859718299e-09,0.981970727161232,0.565793790911521,1.7618403425359,-0.99850999088341
406,3.7862013034332e-07,1.73425928328329e-09,2.59062592868528e-09,0.98197072716504,0.565793790879069,1.76184034256141,-0.998509990865082
407,3.6509071091554e-07,1.67228813585708e-09,2.49805385263665e-09,0.981970727168711,0.565793790847776,1.761840342586,-0.998509990847409
408,3.52044743527218e-07,1.61253141646082e-09,2.40878958668247e-09,0.981970727172252,0.565793790817601,1.76184034260972,-0.998509990830367
409,3.39464959638174e-07,1.55491009833522e-09,2.32271523335047e-09,0.981970727175665,0.565793790788505,1.76184034263259,-0.998509990813935
410,3.27334690239387e-07,1.49934772688998e-09,2.23971642069571e-09,0.981970727178957,0.565793790760449,1.76184034265464,-0.998509990798089
411,3.15637878266537e-07,1.44577073186537e-09,2.15968362148752e-09,0.981970727182131,0.565793790733394,1.76184034267591,-0.99850999078281
412,3.04359036030809e-07,1.39410836037789e-09,2.08251053997883e-09,0.981970727185192,0.565793790707307,1.76184034269641,-0.998509990768077
413,2.93483224781332e-07,1.34429191861035e-09,2.00809517675939e-09,0.981970727188143,0.565793790682152,1.76184034271619,-0.99850999075387
414,2.82996045740373e-07,1.29625577663906e-09,1.93633896751067e-09,0.981970727190989,0.565793790657896,1.76184034273525,-0.998509990740171
415,2.72883606437509e-07,1.24993598140142e-09,1.86714676303653e-09,0.981970727193733,0.565793790634506,1.76184034275364,-0.998509990726962
416,2.63132525097278e-07,1.20527143505913e-09,1.80042709415427e-09,0.981970727196379,0.565793790611953,1.76184034277136,-0.998509990714224
417,2.53729881864669e-07,1.16220281691e-09,1.73609160266065e-09,0.98197072719893,0.565793790590205,1.76184034278846,-0.998509990701942
418,2.44663224050577e-07,1.12067336700501e-09,1.67405491279004e-09,0.981970727201391,0.565793790569235,1.76184034280494,-0.998509990690098
419,2.35920555453319e-07,1.08062767029471e-09,1.61423512334929e-09,0.981970727203764,0.565793790549013,1.76184034282083,-0.998509990678678
420,2.27490290382556e-07,1.04201312728504e-09,1.55655283583874e-09,0.981970727206051,0.565793790529514,1.76184034283616,-0.998509990667666
421,2.19361268394401e-07,1.00477838568507e-09,1.50093184950763e-09,0.981970727208257,0.565793790510712,1.76184034285094,-0.998509990657047
422,2.115227226919e-07,9.68874114105869e-10,1.44729824203349e-09,0.981970727210385,0.565793790492582,1.76184034286519,-0.998509990646808
423,2.0396427983418e-07,9.34252835835303e-10,1.39558121102702e-09,0.981970727212436,0.5657937904751,1.76184034287893,-0.998509990636935
424,1.9667592437741e-07,9.00868792419861e-10,1.34571227798312e-09,0.981970727214413,0.565793790458243,1.76184034289218,-0.998509990627414
425,1.89648005978268e-07,8.68677587859082e-10,1.29762530342099e-09,0.981970727216321,0.565793790441988,1.76184034290496,-0.998509990618234
426,1.82871221487544e-07,8.37636652916644e-10,1.25125656952964e-09,0.981970727218159,0.565793790426313,1.76184034291728,-0.998509990609382
427,1.76336590267743e-07,8.07704997166899e-10,1.2065448015119e-09,0.981970727219933,0.565793790411199,1.76184034292916,-0.998509990600846
428,1.70035470932983e-07,7.78842867792313e-10,1.16343073856605e-09,0.981970727221643,0.565793790396625,1.76184034294061,-0.998509990592615
429,1.63959509858143e-07,7.51012120429222e-10,1.1218573253323e-09,0.981970727223291,0.565793790382571,1.76184034295166,-0.998509990584678
430,1.58100663412139e-07,7.24175787965572e-10,1.08176942174431e-09,0.981970727224882,0.56579379036902,1.76184034296231,-0.998509990577025
431,1.5245117580737e-07,6.98298514548954e-10,1.04311403601863e-09,0.981970727226414,0.565793790355953,1.76184034297258,-0.998509990569645
432,1.4700356382415e-07,6.73345864184332e-10,1.00583994361242e-09,0.981970727227893,0.565793790343353,1.76184034298248,-0.998509990562529
433,1.41750612588453e-07,6.49284816028522e-10,9.69897723954596e-10,0.981970727229318,0.565793790331204,1.76184034299203,-0.998509990555667
434,1.36685369156872e-07,6.26083673262156e-10,9.35239920889347e-10,0.981970727230693,0.565793790319488,1.76184034300124,-0.998509990549051
435,1.31801120490017e-07,6.03711435658625e-10,9.01820549395645e-10,0.981970727232018,0.565793790308191,1.76184034301012,-0.998509990542671
436,1.27091407538142e-07,5.82138771481718e-10,8.6959533247186e-10,0.981970727233296,0.565793790297298,1.76184034301868,-0.998509990536518
437,1.22549988816486e-07,5.613369280673e-10,8.385216800206e-10,0.981970727234529,0.565793790286794,1.76184034302694,-0.998509990530586
438,1.18170850289927e-07,5.41278369274976e-10,8.085583082646e-10,0.981970727235717,0.565793790276665,1.7618403430349,-0.998509990524866
439,1.13948190158684e-07,5.21936599300478e-10,7.79665776879158e-10,0.981970727236863,0.565793790266898,1.76184034304258,-0.99850999051935
440,1.09876426946553e-07,5.03286005776652e-10,7.51805550847754e-10,0.981970727237967,0.565793790257481,1.76184034304998,-0.998509990514031
441,1.05950159440313e-07,4.85301859004155e-10,7.24940975796144e-10,0.981970727239033,0.565793790248399,1.76184034305712,-0.998509990508902
442,1.02164188087958e-07,4.67960283777065e-10,6.99036205560024e-10,0.981970727240061,0.565793790239643,1.761840343064,-0.998509990503957
443,9.85135060142178e-08,4.51238474100815e-10,6.74057255793427e-10,0.981970727241052,0.565793790231199,1.76184034307064,-0.998509990499188
444,9.49932751537644e-08,4.35114123768189e-10,6.49970820902466e-10,0.981970727242006,0.565793790223057,1.76184034307704,-0.99850999049459
445,9.1598834214133e-08,4.19565968051822e-10,6.26745135061011e-10,0.981970727242927,0.565793790215206,1.76184034308321,-0.998509990490156
446,8.83256888541962e-08,4.04573419107439e-10,6.04349296666587e-10,0.981970727243816,0.565793790207635,1.76184034308916,-0.99850999048588
447,8.51695045783256e-08,3.90116643273327e-10,5.82753856198441e-10,0.981970727244673,0.565793790200335,1.7618403430949,-0.998509990481757
448,8.21260988786246e-08,3.76176388297137e-10,5.61930020856259e-10,0.981970727245498,0.565793790193296,1.76184034310043,-0.998509990477782
449,7.91914463354189e-08,3.62734243555831e-10,5.41850245855094e-10,0.981970727246295,0.565793790186508,1.76184034310576,-0.998509990473948
450,7.63616601626309e-08,3.4977255534812e-10,5.22488064570164e-10,0.981970727247063,0.565793790179963,1.76184034311091,-0.998509990470252
451,7.36329930037254e-08,3.37273934479356e-10,5.03817716906296e-10,0.981970727247803,0.565793790173652,1.76184034311587,-0.998509990466688
452,7.10018271715302e-08,3.25221934079708e-10,4.85814610905642e-10,0.981970727248516,0.565793790167566,1.76184034312065,-0.998509990463251
453,6.84646809381458e-08,3.13600617514817e-10,4.68454665340085e-10,0.981970727249205,0.565793790161698,1.76184034312527,-0.998509990459936
454,6.60182030606232e-08,3.02394587683415e-10,4.51715220994435e-10,0.981970727249869,0.565793790156039,1.76184034312971,-0.998509990456741
455,6.36591426886577e-08,2.915889972568e-10,4.35573825240119e-10,0.98197072725051,0.565793790150583,1.761840343134,-0.998509990453659
456,6.1384376885145e-08,2.81169479248945e-10,4.20009261989967e-10,0.981970727251127,0.565793790145321,1.76184034313814,-0.998509990450688
457,5.91908963757361e-08,2.71122285649051e-10,4.05000863992521e-10,0.981970727251722,0.565793790140248,1.76184034314213,-0.998509990447822
458,5.70758012006224e-08,2.61434168845561e-10,3.90528770602551e-10,0.981970727252296,0.565793790135356,1.76184034314597,-0.99850999044506
459,5.5036283726304e-08,2.52092223888038e-10,3.76573804985477e-10,0.981970727252849,0.565793790130639,1.76184034314968,-0.998509990442395
460,5.30696437745109e-08,2.43084056858309e-10,3.63117480303679e-10,0.981970727253383,0.56579379012609,1.76184034315325,-0.998509990439826
461,5.11732815382705e-08,2.34397823104551e-10,3.50142072949989e-10,0.981970727253898,0.565793790121704,1.7618403431567,-0.998509990437349
462,4.93446799017203e-08,2.26022011755938e-10,3.37630233926186e-10,0.981970727254394,0.565793790117474,1.76184034316003,-0.998509990434961
463,4.75814264259205e-08,2.17945406390398e-10,3.25565613432705e-10,0.981970727254872,0.565793790113396,1.76184034316323,-0.998509990432657
464,4.58811718445783e-08,2.1015746713553e-10,3.13931922494923e-10,0.981970727255334,0.565793790109463,1.76184034316632,-0.998509990430436
465,4.42416813901126e-08,2.02647851756961e-10,3.02714087564497e-10,0.981970727255779,0.565793790105671,1.7618403431693,-0.998509990428295
466,4.26607692155234e-08,1.95406490824053e-10,2.9189705437529e-10,0.981970727256208,0.565793790102015,1.76184034317218,-0.99850999042623
467,4.11363524160668e-08,1.88423944561849e-10,2.81466545656714e-10,0.981970727256621,0.565793790098489,1.76184034317495,-0.998509990424238
468,3.96664050321629e-08,1.81690890102295e-10,2.71408744600545e-10,0.98197072725702,0.565793790095089,1.76184034317762,-0.998509990422318
469,3.82489872235631e-08,1.75198456600341e-10,2.61710382317632e-10,0.981970727257405,0.565793790091811,1.7618403431802,-0.998509990420467
470,3.68822159708592e-08,1.68937968985286e-10,2.52358525734427e-10,0.981970727257776,0.565793790088649,1.76184034318268,-0.998509990418681
471,3.55642890862616e-08,1.62901292042716e-10,2.4334094784891e-10,0.981970727258134,0.565793790085601,1.76184034318508,-0.99850999041696
472,3.42934479118708e-08,1.57080192370888e-10,2.34645421200693e-10,0.981970727258478,0.565793790082662,1.76184034318739,-0.9985099904153
473,3.30680253206395e-08,1.51467202252146e-10,2.26260797635047e-10,0.981970727258811,0.565793790079827,1.76184034318962,-0.998509990413699
474,3.18863887301918e-08,1.46054755557513e-10,2.18175683846483e-10,0.981970727259132,0.565793790077094,1.76184034319176,-0.998509990412156
475,3.07469793678703e-08,1.40835708483366e-10,2.10379511730331e-10,0.98197072725944,0.565793790074459,1.76184034319384,-0.998509990410667
476,2.96482801723597e-08,1.35803172018074e-10,2.02861947088101e-10,0.981970727259739,0.565793790071918,1.76184034319583,-0.998509990409232
477,2.85888442572584e-08,1.30950404052121e-10,1.95612922445524e-10,0.981970727260027,0.565793790069467,1.76184034319776,-0.998509990407848
478,2.75672629154133e-08,1.26271085430504e-10,1.88623035544232e-10,0.981970727260304,0.565793790067104,1.76184034319962,-0.998509990406514
479,2.65821887326394e-08,1.21759004169972e-10,1.8188281755486e-10,0.981970727260571,0.565793790064826,1.76184034320141,-0.998509990405227
480,2.56323178034683e-08,1.17408164296104e-10,1.75383573894244e-10,0.981970727260829,0.565793790062629,1.76184034320313,-0.998509990403986
481,2.47163844443602e-08,1.13212717205087e-10,1.69116501178015e-10,0.981970727261077,0.56579379006051,1.7618403432048,-0.99850999040279
482,2.38331798125258e-08,1.09167206674464e-10,1.6307332809569e-10,0.981970727261317,0.565793790058468,1.76184034320641,-0.998509990401636
483,2.2981537676049e-08,1.05266343284939e-10,1.57246183203049e-10,0.981970727261548,0.565793790056498,1.76184034320795,-0.998509990400523
484,2.21603291260377e-08,1.01504769156914e-10,1.51627246468937e-10,0.981970727261771,0.565793790054599,1.76184034320945,-0.998509990399451
485,2.13684616777206e-08,9.78776661096508e-11,1.46209049523204e-10,0.981970727261986,0.565793790052767,1.76184034321089,-0.998509990398416
486,2.06048943178697e-08,9.43801467462774e-11,1.40984506641871e-10,0.981970727262194,0.565793790051001,1.76184034321227,-0.998509990397419
487,1.986860741042e-08,9.10076188437856e-11,1.35946622078395e-10,0.981970727262392,0.565793790049298,1.76184034321361,-0.998509990396457
488,1.91586319135356e-08,8.77556169972297e-11,1.31088780670336e-10,0.981970727262585,0.565793790047656,1.7618403432149,-0.99850999039553
489,1.84740290021298e-08,8.46198042850235e-11,1.26404506354447e-10,0.981970727262771,0.565793790046072,1.76184034321615,-0.998509990394635
490,1.78138873534188e-08,8.15960194195547e-11,1.21887646034305e-10,0.981970727262951,0.565793790044545,1.76184034321735,-0.998509990393773
491,1.71773329671627e-08,7.86802979954175e-11,1.17532164368557e-10,0.981970727263123,0.565793790043073,1.76184034321851,-0.998509990392942
492,1.65635264913779e-08,7.58688031331164e-11,1.13332370097613e-10,0.98197072726329,0.565793790041653,1.76184034321962,-0.99850999039214
493,1.59716552186718e-08,7.31577172781588e-11,1.09282571045627e-10,0.98197072726345,0.565793790040284,1.7618403432207,-0.998509990391367
494,1.54009304525462e-08,7.05435569354999e-11,1.05377537102646e-10,0.981970727263605,0.565793790038964,1.76184034322173,-0.998509990390621
495,1.48506024920193e-08,6.80227894626521e-11,1.01611988807762e-10,0.981970727263754,0.565793790037691,1.76184034322274,-0.998509990389902
496,1.43199412587831e-08,6.55920679964807e-11,9.79811269027542e-11,0.981970727263898,0.565793790036464,1.7618403432237,-0.998509990389209
497,1.38082423991461e-08,6.32482919070403e-11,9.44799083530711e-11,0.981970727264037,0.565793790035281,1.76184034322463,-0.998509990388541
498,1.33148237325029e-08,6.0988203427868e-11,9.11037689520203e-11,0.981970727264171,0.565793790034139,1.76184034322553,-0.998509990387896
499,1.28390342772543e-08,5.88088582123652e-11,8.78482932331963e-11,0.981970727264301,0.565793790033039,1.76184034322639,-0.998509990387275
500,1.2380251327005e-08,5.67074104071831e-11,8.47091931261933e-11,0.981970727264425,0.565793790031978,1.76184034322723,-0.998509990386675
501,1.19378620598724e-08,5.46810439935436e-11,8.16822287659488e-11,0.981970727264544,0.565793790030955,1.76184034322803,-0.998509990386097
502,1.15112811341971e-08,5.27270991573112e-11,7.87634065838458e-11,0.98197072726466,0.565793790029968,1.76184034322881,-0.99850999038554
503,1.10999436459669e-08,5.08430149008125e-11,7.59489871161623e-11,0.981970727264772,0.565793790029017,1.76184034322955,-0.998509990385003
504,1.07033024755728e-08,4.90261610204792e-11,7.32349380008706e-11,0.98197072726488,0.565793790028099,1.76184034323028,-0.998509990384485
505,1.0320836186229e-08,4.7274320137204e-11,7.06181179607433e-11,0.981970727264983,0.565793790027215,1.76184034323097,-0.998509990383985
506,9.95203945285887e-09,4.55850482165627e-11,6.80946810219222e-11,0.981970727265083,0.565793790026361,1.76184034323164,-0.998509990383503
507,9.59641840269939e-09,4.39561182178803e-11,6.56614085494665e-11,0.98197072726518,0.565793790025539,1.76184034323229,-0.998509990383039
508,9.25350233820417e-09,4.23854298808276e-11,6.33150906330474e-11,0.981970727265273,0.565793790024746,1.76184034323291,-0.998509990382591
509,8.92284348710557e-09,4.08708534663169e-11,6.10526077978775e-11,0.981970727265363,0.565793790023981,1.76184034323351,-0.998509990382159
510,8.60399783760873e-09,3.9410367675549e-11,5.88709661322343e-11,0.98197072726545,0.565793790023243,1.76184034323409,-0.998509990381743
511,8.29655059325951e-09,3.80021177548953e-11,5.67673498460914e-11,0.981970727265533,0.565793790022532,1.76184034323465,-0.998509990381341
512,8.00008338454301e-09,3.66442101605882e-11,5.47388635005079e-11,0.981970727265613,0.565793790021847,1.76184034323519,-0.998509990380954
513,7.71420891669722e-09,3.53347108389299e-11,5.27827794498206e-11,0.981970727265692,0.565793790021186,1.76184034323571,-0.99850999038058
514,7.43855688348394e-09,3.40720994701781e-11,5.0896722625774e-11,0.981970727265766,0.565793790020548,1.76184034323621,-0.99850999038022
515,7.17275328098683e-09,3.28546090962586e-11,4.90780046343607e-11,0.981970727265838,0.565793790019933,1.76184034323669,-0.998509990379873
516,6.91644374906734e-09,3.16805721464714e-11,4.73242499491003e-11,0.981970727265907,0.56579379001934,1.76184034323716,-0.998509990379538
517,6.66929609897405e-09,3.05485455768197e-11,4.56332607069852e-11,0.981970727265974,0.565793790018769,1.76184034323761,-0.998509990379215
518,6.43097636646172e-09,2.94569103297836e-11,4.40025349019724e-11,0.981970727266039,0.565793790018218,1.76184034323804,-0.998509990378904
519,6.2011745357879e-09,2.8404302348468e-11,4.24301586154458e-11,0.981970727266102,0.565793790017686,1.76184034323846,-0.998509990378604
520,5.97958953508352e-09,2.7389347710911e-11,4.09140218995856e-11,0.981970727266162,0.565793790017173,1.76184034323886,-0.998509990378314
521,5.76591404437241e-09,2.64106237221173e-11,3.94520542873845e-11,0.98197072726622,0.565793790016679,1.76184034323925,-0.998509990378035
522,5.55987978071178e-09,2.54668643294951e-11,3.80422640442444e-11,0.981970727266275,0.565793790016203,1.76184034323963,-0.998509990377766
523,5.36120525280223e-09,2.45568623886263e-11,3.6682844677986e-11,0.981970727266329,0.565793790015743,1.76184034323999,-0.998509990377507
524,5.16963103851201e-09,2.3679342216098e-11,3.53720991850241e-11,0.981970727266382,0.5657937900153,1.76184034324034,-0.998509990377256
525,4.98490316872527e-09,2.28331853641562e-11,3.41081237459999e-11,0.981970727266431,0.565793790014873,1.76184034324067,-0.998509990377015
526,4.80677285848617e-09,2.2017331705091e-11,3.28893285547116e-11,0.98197072726648,0.565793790014461,1.761840343241,-0.998509990376782
527,4.63501372307597e-09,2.12305252907299e-11,3.17140551718858e-11,0.981970727266526,0.565793790014063,1.76184034324131,-0.998509990376558
528,4.46938675752203e-09,2.04719222108136e-11,3.058077232501e-11,0.981970727266572,0.565793790013681,1.76184034324161,-0.998509990376342
529,4.30968060307035e-09,1.97403935899941e-11,2.94880674132414e-11,0.981970727266615,0.565793790013311,1.7618403432419,-0.998509990376133
530,4.15567675482212e-09,1.9034959043487e-11,2.8434321019698e-11,0.981970727266657,0.565793790012955,1.76184034324218,-0.998509990375932
531,4.00718422920924e-09,1.83547634160502e-11,2.74182674506574e-11,0.981970727266697,0.565793790012611,1.76184034324245,-0.998509990375738
532,3.86399430153462e-09,1.76989737089971e-11,2.64385519516749e-11,0.981970727266736,0.56579379001228,1.76184034324271,-0.998509990375551
533,3.72591688703175e-09,1.70664412963125e-11,2.54938016314085e-11,0.981970727266773,0.565793790011961,1.76184034324296,-0.99850999037537
534,3.59277529629802e-09,1.64566069883322e-11,2.45827889023855e-11,0.98197072726681,0.565793790011653,1.7618403432432,-0.998509990375196
535,3.46439538982616e-09,1.58685776742779e-11,2.37043660548372e-11,0.981970727266844,0.565793790011356,1.76184034324344,-0.998509990375029
536,3.34059772036938e-09,1.53015193979034e-11,2.28572965474435e-11,0.981970727266878,0.56579379001107,1.76184034324366,-0.998509990374867
537,3.2212295676486e-09,1.47547348330174e-11,2.20405694784075e-11,0.98197072726691,0.565793790010793,1.76184034324388,-0.998509990374711
538,3.10612302014117e-09,1.42275087049572e-11,2.12529680468286e-11,0.981970727266941,0.565793790010527,1.76184034324409,-0.998509990374561
539,2.99513158494925e-09,1.37191531148851e-11,2.0493531160082e-11,0.981970727266971,0.565793790010271,1.76184034324429,-0.998509990374416
540,2.88810239698327e-09,1.32288832181356e-11,1.97612075192585e-11,0.981970727267001,0.565793790010023,1.76184034324448,-0.998509990374276
541,2.78490231692393e-09,1.27561398609829e-11,1.90551152224893e-11,0.981970727267029,0.565793790009784,1.76184034324467,-0.998509990374141
542,2.68538742331978e-09,1.23003640348796e-11,1.83741740475987e-11,0.981970727267056,0.565793790009554,1.76184034324485,-0.998509990374011
543,2.58942888290241e-09,1.18608186165123e-11,1.77175601683443e-11,0.981970727267082,0.565793790009332,1.76184034324503,-0.998509990373886
544,2.49690059895491e-09,1.14369550406419e-11,1.70844880935111e-11,0.981970727267107,0.565793790009118,1.76184034324519,-0.998509990373765
545,2.4076773742414e-09,1.10283316688745e-11,1.6474054806081e-11,0.981970727267131,0.565793790008912,1.76184034324536,-0.998509990373649
546,2.32164280927235e-09,1.06342317527823e-11,1.58853483355026e-11,0.981970727267154,0.565793790008713,1.76184034324551,-0.998509990373536
547,2.23868142374511e-09,1.02541940128803e-11,1.53176426408163e-11,0.981970727267177,0.565793790008521,1.76184034324566,-0.998509990373428
548,2.15868670244019e-09,9.88780666091956e-12,1.47703576719061e-11,0.981970727267198,0.565793790008336,1.76184034324581,-0.998509990373323
549,2.08154930970673e-09,9.53448093762878e-12,1.42425621760066e-11,0.98197072726722,0.565793790008158,1.76184034324595,-0.998509990373222
550,2.00716626169417e-09,9.19377461153708e-12,1.37336079281848e-11,0.98197072726724,0.565793790007985,1.76184034324608,-0.998509990373125
551,1.93544339413683e-09,8.86526659173791e-12,1.32428278795493e-11,0.981970727267259,0.56579379000782,1.76184034324621,-0.998509990373032
552,1.86628480775638e-09,8.54842629383199e-12,1.27696626368894e-11,0.981970727267278,0.565793790007659,1.76184034324634,-0.998509990372941
553,1.79959451996529e-09,8.24300857200281e-12,1.23133466785337e-11,0.981970727267296,0.565793790007505,1.76184034324646,-0.998509990372854
554,1.73529000611939e-09,7.94844461605953e-12,1.18733405808516e-11,0.981970727267313,0.565793790007357,1.76184034324658,-0.99850999037277
555,1.67328057099004e-09,7.66440009956878e-12,1.14490450114396e-11,0.981970727267331,0.565793790007213,1.76184034324669,-0.998509990372689
556,1.6134908153879e-09,7.39058099443056e-12,1.10399701267267e-11,0.981970727267347,0.565793790007075,1.7618403432468,-0.998509990372611
557,1.55583539411879e-09,7.1264574821006e-12,1.06454479615745e-11,0.981970727267362,0.565793790006941,1.76184034324691,-0.998509990372536
558,1.50023974432996e-09,6.87181382400102e-12,1.02650674044299e-11,0.981970727267377,0.565793790006813,1.76184034324701,-0.998509990372463
559,1.44662834216171e-09,6.6262665666054e-12,9.89822843578492e-12,0.981970727267391,0.565793790006689,1.7618403432471,-0.998509990372393
560,1.39493636324563e-09,6.38947300814517e-12,9.54452958557184e-12,0.981970727267406,0.565793790006569,1.7618403432472,-0.998509990372326
561,1.34509008093161e-09,6.16110876592864e-12,9.20353862762748e-12,0.981970727267419,0.565793790006454,1.76184034324729,-0.998509990372261
562,1.29702554843963e-09,5.94098808606781e-12,8.87459907010047e-12,0.981970727267432,0.565793790006343,1.76184034324738,-0.998509990372198
563,1.25067792052265e-09,5.72867847756601e-12,8.5575034103258e-12,0.981970727267445,0.565793790006236,1.76184034324746,-0.998509990372137
564,1.2059894781336e-09,5.52406240941214e-12,8.25172301114654e-12,0.981970727267458,0.565793790006132,1.76184034324754,-0.998509990372079
565,1.16289447751369e-09,5.32658063374885e-12,7.95685434017298e-12,0.981970727267469,0.565793790006033,1.76184034324762,-0.998509990372022
566,1.12133965024451e-09,5.13627259034411e-12,7.67251566779776e-12,0.98197072726748,0.565793790005937,1.7618403432477,-0.998509990371968
567,1.08127164558519e-09,4.95268611920178e-12,7.39833353051026e-12,0.981970727267491,0.565793790005844,1.76184034324777,-0.998509990371916
568,1.04263190779225e-09,4.77578297935107e-12,7.13398427407485e-12,0.981970727267501,0.565793790005755,1.76184034324784,-0.998509990371865
569,1.00537776400981e-09,4.6050911200613e-12,6.87907561126653e-12,0.981970727267512,0.565793790005668,1.76184034324791,-0.998509990371817
570,9.69449719201391e-10,4.44056247601359e-12,6.63325358964755e-12,0.981970727267521,0.565793790005585,1.76184034324797,-0.99850999037177
571,9.3480777518618e-10,4.28182319933666e-12,6.39625377643011e-12,0.981970727267531,0.565793790005505,1.76184034324803,-0.998509990371724
572,9.01403135818069e-10,4.12887413283208e-12,6.16763476222773e-12,0.98197072726754,0.565793790005428,1.76184034324809,-0.998509990371681
573,8.69193149223323e-10,3.98134177727082e-12,5.94726846378508e-12,0.981970727267548,0.565793790005353,1.76184034324815,-0.998509990371639
574,8.38134264895079e-10,3.83899075791727e-12,5.73474308249572e-12,0.981970727267557,0.565793790005281,1.76184034324821,-0.998509990371598
575,8.08186506000191e-10,3.70193893911439e-12,5.52988164224678e-12,0.981970727267565,0.565793790005212,1.76184034324826,-0.998509990371559
576,7.79305527261434e-10,3.56955841944288e-12,5.33221358155774e-12,0.981970727267573,0.565793790005145,1.76184034324832,-0.998509990371521
577,7.51456597511438e-10,3.44203509787664e-12,5.14167945014187e-12,0.98197072726758,0.565793790005081,1.76184034324837,-0.998509990371485
578,7.24605172416084e-10,3.31901633367156e-12,4.95797533429009e-12,0.981970727267588,0.565793790005019,1.76184034324842,-0.99850999037145
579,6.98711254059819e-10,3.20045271440229e-12,4.78074865639739e-12,0.981970727267595,0.565793790004959,1.76184034324846,-0.998509990371416
580,6.73746359474669e-10,3.08608927032404e-12,4.60993904933041e-12,0.981970727267601,0.565793790004901,1.76184034324851,-0.998509990371384
581,6.49672329435153e-10,2.97579789241115e-12,4.44523364625892e-12,0.981970727267608,0.565793790004846,1.76184034324855,-0.998509990371352
582,6.26457232289976e-10,2.86947161730501e-12,4.28642563100103e-12,0.981970727267615,0.565793790004792,1.76184034324859,-0.998509990371322
583,6.04070808517309e-10,2.7669328964762e-12,4.13323105927299e-12,0.981970727267621,0.56579379000474,1.76184034324864,-0.998509990371293
584,5.82482902601761e-10,2.66806466749183e-12,3.98550256557863e-12,0.981970727267626,0.56579379000469,1.76184034324867,-0.998509990371264
585,5.61667727220169e-10,2.57265999460545e-12,3.84305353278638e-12,0.981970727267632,0.565793790004642,1.76184034324871,-0.998509990371237
586,5.41601291785007e-10,2.48081792356186e-12,3.70582496881845e-12,0.981970727267637,0.565793790004596,1.76184034324875,-0.998509990371211
587,5.22248091370367e-10,2.39212595834775e-12,3.5733658234678e-12,0.981970727267643,0.565793790004551,1.76184034324878,-0.998509990371186
588,5.03586851734404e-10,2.3066718109648e-12,3.4457052490495e-12,0.981970727267648,0.565793790004508,1.76184034324882,-0.998509990371161
589,4.85589967864809e-10,2.22421156383895e-12,3.32252969080264e-12,0.981970727267653,0.565793790004466,1.76184034324885,-0.998509990371138
590,4.68236144844626e-10,2.14475361426736e-12,3.20380862134663e-12,0.981970727267657,0.565793790004426,1.76184034324888,-0.998509990371115
591,4.51508497233017e-10,2.06811202223243e-12,3.0893864087957e-12,0.981970727267662,0.565793790004387,1.76184034324891,-0.998509990371093
592,4.35375072827455e-10,1.9941986636267e-12,2.97895776509112e-12,0.981970727267667,0.56579379000435,1.76184034324894,-0.998509990371072
593,4.19814576674603e-10,1.92299388189348e-12,2.87248435456045e-12,0.98197072726767,0.565793790004314,1.76184034324897,-0.998509990371052
594,4.04814491673544e-10,1.85422270709468e-12,2.76984750591743e-12,0.981970727267675,0.565793790004279,1.761840343249,-0.998509990371032
595,3.9035001179196e-10,1.78800277928754e-12,2.6708417783511e-12,0.981970727267678,0.565793790004246,1.76184034324902,-0.998509990371013
596,3.7639890251894e-10,1.72407929142632e-12,2.57548622457265e-12,0.981970727267682,0.565793790004213,1.76184034324905,-0.998509990370995
597,3.62949648905786e-10,1.66247166060236e-12,2.48337937466496e-12,0.981970727267686,0.565793790004182,1.76184034324907,-0.998509990370978
598,3.49980914521349e-10,1.603091846604e-12,2.39467708942713e-12,0.981970727267689,0.565793790004152,1.7618403432491,-0.998509990370961
599,3.37474936418962e-10,1.54580200562659e-12,2.30911562292293e-12,0.981970727267693,0.565793790004124,1.76184034324912,-0.998509990370944
600,3.25415728344627e-10,1.49056346898948e-12,2.22657630423676e-12,0.981970727267696,0.565793790004096,1.76184034324914,-0.998509990370928
601,3.13787282181261e-10,1.43725778379895e-12,2.14699095818836e-12,0.9819707272677,0.565793790004069,1.76184034324916,-0.998509990370913
602,3.02573673969243e-10,1.38594429142224e-12,2.07026134139154e-12,0.981970727267703,0.565793790004043,1.76184034324918,-0.998509990370899
603,2.91762386570361e-10,1.33640700321998e-12,1.99634774348788e-12,0.981970727267705,0.565793790004018,1.7618403432492,-0.998509990370885
604,2.81336596952123e-10,1.28867551454245e-12,1.92501534228959e-12,0.981970727267708,0.565793790003994,1.76184034324922,-0.998509990370871
605,2.71282951912811e-10,1.242592480097e-12,1.85615579480541e-12,0.98197072726771,0.56579379000397,1.76184034324924,-0.998509990370858
606,2.61589936491813e-10,1.19820701166137e-12,1.78985770388682e-12,0.981970727267713,0.565793790003948,1.76184034324926,-0.998509990370845
607,2.52243298856804e-10,1.15541159346238e-12,1.72595350470951e-12,0.981970727267716,0.565793790003926,1.76184034324927,-0.998509990370833
608,2.43228891047465e-10,1.11410772772887e-12,1.66419919293415e-12,0.981970727267719,0.565793790003906,1.76184034324929,-0.998509990370821
609,2.34535972127824e-10,1.07428532984623e-12,1.60480893271975e-12,0.981970727267721,0.565793790003886,1.76184034324931,-0.99850999037081
610,2.26154824336187e-10,1.03586658403809e-12,1.54738194218416e-12,0.981970727267723,0.565793790003866,1.76184034324932,-0.998509990370799
611,2.18074810488202e-10,9.98890383402659e-13,1.49210415149683e-12,0.981970727267725,0.565793790003847,1.76184034324934,-0.998509990370788
612,2.10283434612889e-10,9.63199512034536e-13,1.43884747657478e-12,0.981970727267727,0.565793790003829,1.76184034324935,-0.998509990370778
613,2.02767405500392e-10,9.28754823914281e-13,1.38740647680801e-12,0.981970727267729,0.565793790003812,1.76184034324937,-0.998509990370768
614,1.95519638593989e-10,8.95596125749914e-13,1.33782017459756e-12,0.981970727267732,0.565793790003795,1.76184034324938,-0.998509990370759
615,1.88534763573286e-10,8.63585267504037e-13,1.28998068527056e-12,0.981970727267733,0.565793790003779,1.76184034324939,-0.99850999037075
616,1.81799447900201e-10,8.32732447458568e-13,1.24390729079504e-12,0.981970727267735,0.565793790003764,1.7618403432494,-0.998509990370741
617,1.75299543235113e-10,8.02968902458144e-13,1.19951207633388e-12,0.981970727267736,0.565793790003749,1.76184034324941,-0.998509990370732
618,1.69038560874369e-10,7.74225691332053e-13,1.15656963028427e-12,0.981970727267739,0.565793790003734,1.76184034324943,-0.998509990370724
619,1.63000534818591e-10,7.46621225311458e-13,1.11532441712878e-12,0.981970727267741,0.56579379000372,1.76184034324944,-0.998509990370716
620,1.57170314892745e-10,7.19948819472942e-13,1.0753846078226e-12,0.981970727267742,0.565793790003706,1.76184034324945,-0.998509990370709
621,1.51556844495554e-10,6.9418894661427e-13,1.03697538354398e-12,0.981970727267743,0.565793790003693,1.76184034324946,-0.998509990370701
622,1.46144993988272e-10,6.6941059909792e-13,9.9998931764662e-13,0.981970727267745,0.565793790003681,1.76184034324947,-0.998509990370694
623,1.40918777098765e-10,6.4545631211711e-13,9.64190671367222e-13,0.981970727267746,0.565793790003669,1.76184034324948,-0.998509990370688
624,1.35884400003861e-10,6.22444413240485e-13,9.2973645145645e-13,0.981970727267748,0.565793790003657,1.76184034324949,-0.998509990370681
625,1.31028571956135e-10,6.001879158054e-13,8.96557795101032e-13,0.981970727267749,0.565793790003646,1.7618403432495,-0.998509990370675
626,1.2634769879212e-10,5.78716581242156e-13,8.64517436696211e-13,0.98197072726775,0.565793790003635,1.7618403432495,-0.998509990370668
627,1.21830265529201e-10,5.58020404291964e-13,8.33576353355468e-13,0.981970727267751,0.565793790003625,1.76184034324951,-0.998509990370663
628,1.17478048634448e-10,5.38109270406534e-13,8.03861712419784e-13,0.981970727267752,0.565793790003615,1.76184034324952,-0.998509990370657
629,1.13280369510528e-10,5.18875388670418e-13,7.75099439841834e-13,0.981970727267754,0.565793790003605,1.76184034324953,-0.998509990370651
630,1.09230143882059e-10,5.00338171645948e-13,7.47405915729753e-13,0.981970727267754,0.565793790003596,1.76184034324953,-0.998509990370646
631,1.05330025483042e-10,4.82448596382532e-13,7.20636065131988e-13,0.981970727267756,0.565793790003587,1.76184034324954,-0.998509990370641
632,1.01564905741145e-10,4.65206688512809e-13,6.94964111992317e-13,0.981970727267757,0.565793790003578,1.76184034324955,-0.998509990370636
633,9.79347845465331e-11,4.48592906134851e-13,6.70087522576806e-13,0.981970727267758,0.565793790003569,1.76184034324956,-0.998509990370631
